request_datetime,pickup_datetime,dropoff_datetime,PULocationID,DOLocationID,trip_miles,trip_time,base_passenger_fare,tips,driver_pay
2022-01-01 00:05:31,2022-01-01 00:07:24,2022-01-01 00:18:28,170,161,1.18,664,24.9,0.0,23.03
2022-01-01 00:19:27,2022-01-01 00:22:32,2022-01-01 00:30:12,237,161,0.82,460,11.97,0.0,12.32
2022-01-01 00:43:53,2022-01-01 00:57:37,2022-01-01 01:07:32,237,161,1.18,595,29.82,0.0,23.3
2022-01-01 00:15:36,2022-01-01 00:18:02,2022-01-01 00:23:05,262,229,1.65,303,7.91,0.0,6.3
2022-01-01 00:25:45,2022-01-01 00:28:01,2022-01-01 00:35:42,229,141,1.65,461,9.44,0.0,7.44
2022-01-01 00:34:44,2022-01-01 00:38:50,2022-01-01 00:51:32,263,79,4.51,762,17.67,0.0,12.25
2022-01-01 00:47:51,2022-01-01 00:53:25,2022-01-01 01:08:56,113,140,3.68,931,16.68,0.0,12.75
2022-01-01 00:06:21,2022-01-01 00:08:58,2022-01-01 00:23:01,151,75,2.77,843,14.41,4.0,11.47
2022-01-01 00:27:54,2022-01-01 00:32:25,2022-01-01 00:44:15,263,229,2.04,710,10.64,0.0,9.55
2022-01-01 00:44:59,2022-01-01 00:50:23,2022-01-01 01:15:30,237,169,8.79,1507,107.56,0.0,23.67
2022-01-01 00:13:49,2022-01-01 00:17:02,2022-01-01 00:40:09,261,223,11.29,1387,34.9,0.0,25.17
2022-01-01 00:39:10,2022-01-01 00:43:20,2022-01-01 00:47:31,223,223,0.87,251,7.91,0.0,6.51
2022-01-01 00:45:50,2022-01-01 00:52:29,2022-01-01 01:01:48,223,7,1.89,559,9.71,0.0,7.89
2022-01-01 00:36:54,2022-01-01 00:45:34,2022-01-01 00:54:11,88,148,3.585,810,27.02,0.0,21.08
2022-01-01 00:07:13,2022-01-01 00:12:03,2022-01-01 00:35:07,246,243,9.2,1384,30.37,0.0,22.69
2022-01-01 00:53:32,2022-01-01 00:58:26,2022-01-01 01:07:23,243,127,1.88,537,15.02,2.0,10.02
2022-01-01 00:28:07,2022-01-01 00:34:59,2022-01-01 00:50:15,239,170,2.699,916,20.47,0.0,10.66
2022-01-01 00:45:44,2022-01-01 00:58:09,2022-01-01 01:28:23,170,265,8.037,1904,24.63,0.0,26.63
2022-01-01 00:21:54,2022-01-01 00:28:15,2022-01-01 00:38:52,223,179,1.69,637,9.81,0.0,9.55
2022-01-01 00:35:08,2022-01-01 00:45:55,2022-01-01 00:53:47,179,7,0.87,472,10.53,0.0,9.22
2022-01-01 00:48:14,2022-01-01 00:55:30,2022-01-01 01:03:26,7,82,2.59,476,14.87,0.0,8.49
2022-01-01 00:25:44,2022-01-01 00:30:45,2022-01-01 00:43:22,165,165,1.71,757,10.05,0.0,8.6
2022-01-01 00:37:55,2022-01-01 00:47:30,2022-01-01 01:06:49,165,72,3.51,1159,19.78,0.0,13.95
2022-01-01 00:14:34,2022-01-01 00:19:47,2022-01-01 00:40:46,238,129,8.353,1259,25.69,0.0,19.81
2022-01-01 00:41:46,2022-01-01 00:52:25,2022-01-01 01:10:00,138,112,6.454,1055,21.37,0.0,16.0
2022-01-01 00:23:53,2022-01-01 00:25:33,2022-01-01 00:31:35,234,113,0.91,362,6.84,0.0,6.73
2022-01-01 00:33:53,2022-01-01 00:41:46,2022-01-01 00:51:25,158,261,2.25,579,13.08,0.0,8.66
2022-01-01 00:48:34,2022-01-01 00:51:52,2022-01-01 01:11:20,261,181,4.47,1168,23.13,0.0,23.03
2022-01-01 00:01:32,2022-01-01 00:02:31,2022-01-01 00:26:30,249,198,7.03,1439,28.5,0.0,20.59
2022-01-01 00:24:45,2022-01-01 00:31:15,2022-01-01 00:43:27,198,63,3.0,732,13.57,0.0,10.23
2022-01-01 00:41:13,2022-01-01 00:46:39,2022-01-01 00:53:45,63,198,1.92,426,11.45,0.0,8.47
2022-01-01 00:48:35,2022-01-01 00:58:22,2022-01-01 01:08:25,36,37,1.98,603,16.38,0.0,11.52
2022-01-01 00:16:10,2022-01-01 00:18:59,2022-01-01 00:24:22,162,170,0.67,323,8.7,0.0,6.07
2022-01-01 00:23:41,2022-01-01 00:26:13,2022-01-01 00:43:58,170,158,2.87,1065,15.17,0.0,12.76
2022-01-01 00:34:52,2022-01-01 00:48:13,2022-01-01 01:10:03,158,229,4.05,1310,18.33,5.0,16.12
2022-01-01 00:36:15,2022-01-01 00:38:56,2022-01-01 01:03:00,43,211,6.78,1444,45.45,0.0,36.87
2022-01-01 00:13:03,2022-01-01 00:17:15,2022-01-01 00:33:27,114,195,5.73,972,22.01,0.0,15.24
2022-01-01 00:48:41,2022-01-01 00:52:46,2022-01-01 01:15:55,148,246,3.93,1389,38.87,10.0,26.25
2022-01-01 00:21:38,2022-01-01 00:23:28,2022-01-01 01:15:23,158,63,10.5,3115,47.67,0.0,38.83
2022-01-01 00:12:09,2022-01-01 00:15:55,2022-01-01 00:27:16,241,78,2.03,681,11.69,0.0,9.01
2022-01-01 00:23:25,2022-01-01 00:31:31,2022-01-01 00:42:15,78,159,2.22,644,11.48,0.0,8.91
2022-01-01 00:18:12,2022-01-01 00:24:01,2022-01-01 00:32:26,87,148,1.448,505,8.91,0.0,5.83
2022-01-01 00:43:37,2022-01-01 00:48:46,2022-01-01 01:04:04,224,37,5.623,950,18.19,0.0,14.2
2022-01-01 00:05:23,2022-01-01 00:10:02,2022-01-01 00:32:44,223,171,10.05,1362,22.85,5.11,23.27
2022-01-01 00:22:10,2022-01-01 00:36:33,2022-01-01 00:45:40,16,171,2.04,547,16.42,0.0,7.61
2022-01-01 00:45:12,2022-01-01 00:54:58,2022-01-01 01:20:04,171,7,7.92,1506,35.38,7.92,27.16
2022-01-01 00:34:08,2022-01-01 00:42:49,2022-01-01 01:02:31,234,209,4.659,1426,15.22,0.0,17.11
2022-01-01 00:22:52,2022-01-01 00:28:32,2022-01-01 00:41:39,4,75,5.21,787,18.17,0.0,13.66
2022-01-01 00:38:52,2022-01-01 00:46:44,2022-01-01 00:58:42,75,244,5.47,718,16.7,0.0,13.36
2022-01-01 00:06:15,2022-01-01 00:08:52,2022-01-01 00:13:54,125,158,0.69,303,8.03,0.0,7.73
2022-01-01 00:15:36,2022-01-01 00:19:46,2022-01-01 00:44:43,158,236,6.5,1497,28.69,0.0,24.42
2022-01-01 00:39:52,2022-01-01 00:50:16,2022-01-01 01:11:45,236,249,4.54,1289,27.08,0.0,19.71
2022-01-01 00:33:50,2022-01-01 00:35:23,2022-01-01 00:44:35,107,148,1.41,552,12.44,0.0,7.81
2022-01-01 00:55:22,2022-01-01 00:59:30,2022-01-01 01:09:58,148,162,2.54,628,37.27,0.0,21.71
2022-01-01 00:08:48,2022-01-01 00:11:21,2022-01-01 00:22:50,72,39,2.797,689,11.54,0.0,8.87
2022-01-01 00:24:45,2022-01-01 00:33:07,2022-01-01 01:01:27,39,36,5.955,1826,31.97,0.0,21.9
2022-01-01 00:12:01,2022-01-01 00:21:42,2022-01-01 00:42:01,132,91,11.278,1219,29.56,0.0,22.72
2022-01-01 00:25:08,2022-01-01 00:27:22,2022-01-01 00:36:26,164,234,0.74,544,11.57,0.0,9.03
2022-01-01 00:37:27,2022-01-01 00:43:07,2022-01-01 01:06:25,107,246,1.64,1398,14.14,4.0,15.57
2021-12-31 23:55:34,2022-01-01 00:00:55,2022-01-01 00:14:31,47,74,5.996,962,17.23,0.0,14.71
2022-01-01 00:19:51,2022-01-01 00:25:03,2022-01-01 00:34:10,75,168,1.873,589,9.94,0.0,8.04
2022-01-01 00:30:10,2022-01-01 00:37:41,2022-01-01 00:52:51,168,182,6.55,910,20.44,0.0,14.89
2022-01-01 00:39:01,2022-01-01 00:56:18,2022-01-01 01:11:43,182,265,7.117,925,22.34,0.0,16.31
2022-01-01 00:25:01,2022-01-01 00:32:12,2022-01-01 00:40:30,158,107,1.32,498,19.54,4.0,14.24
2022-01-01 00:46:43,2022-01-01 00:50:45,2022-01-01 00:59:20,114,164,1.86,515,20.03,5.03,21.03
2022-01-01 00:04:19,2022-01-01 00:05:54,2022-01-01 00:17:45,79,231,2.32,711,10.28,0.0,9.61
2022-01-01 00:23:43,2022-01-01 00:28:36,2022-01-01 00:47:21,231,164,3.76,1125,27.11,0.0,14.66
2022-01-01 00:47:24,2022-01-01 00:51:50,2022-01-01 01:09:27,234,87,3.46,1057,18.3,0.0,13.78
2022-01-01 00:09:45,2022-01-01 00:11:17,2022-01-01 00:28:45,140,47,9.115,1048,22.23,2.0,18.89
2022-01-01 00:25:06,2022-01-01 00:32:21,2022-01-01 00:44:19,47,116,4.502,718,16.85,0.0,11.01
2022-01-01 00:39:25,2022-01-01 00:44:40,2022-01-01 00:57:01,116,239,4.49,741,20.49,2.0,11.19
2022-01-01 00:28:52,2022-01-01 00:31:42,2022-01-01 00:35:21,79,79,0.86,219,7.91,3.0,6.44
2022-01-01 00:35:28,2022-01-01 00:37:11,2022-01-01 01:11:59,224,50,5.07,2088,30.76,5.1,24.12
2022-01-01 00:10:22,2022-01-01 00:14:01,2022-01-01 00:20:48,7,179,0.96,407,8.55,10.0,8.29
2022-01-01 00:22:53,2022-01-01 00:25:54,2022-01-01 00:50:07,179,90,5.38,1453,24.75,0.0,20.5
2022-01-01 00:48:06,2022-01-01 00:51:51,2022-01-01 01:29:35,90,265,12.95,2264,49.31,0.0,39.4
2022-01-01 00:33:17,2022-01-01 00:40:24,2022-01-01 00:50:11,82,83,2.02,587,11.79,0.0,8.4
2022-01-01 00:44:27,2022-01-01 00:57:35,2022-01-01 01:05:02,83,82,0.98,447,11.33,0.0,8.06
2022-01-01 00:48:53,2022-01-01 00:52:00,2022-01-01 01:06:11,140,231,8.45,851,26.01,0.0,20.49
2022-01-01 00:15:42,2022-01-01 00:16:55,2022-01-01 00:25:45,236,233,2.12,530,8.06,0.0,10.46
2022-01-01 00:28:28,2022-01-01 00:30:18,2022-01-01 00:38:11,229,170,1.27,473,7.91,0.0,8.8
2022-01-01 00:44:47,2022-01-01 00:48:59,2022-01-01 01:03:29,162,186,2.73,871,14.56,0.0,15.94
2022-01-01 00:36:58,2022-01-01 00:47:17,2022-01-01 01:00:34,41,239,3.03,797,27.43,5.01,21.49
2022-01-01 00:04:00,2022-01-01 00:06:42,2022-01-01 00:33:11,238,255,9.52,1589,35.67,0.0,25.93
2022-01-01 00:30:10,2022-01-01 00:37:03,2022-01-01 00:47:28,256,52,4.77,625,15.31,3.0,12.63
2022-01-01 00:44:20,2022-01-01 00:50:39,2022-01-01 01:17:43,33,216,17.68,1624,38.38,0.0,41.47
2022-01-01 00:29:58,2022-01-01 00:36:17,2022-01-01 00:57:24,90,262,4.53,1452,21.25,0.0,17.19
2022-01-01 00:05:59,2022-01-01 00:08:51,2022-01-01 00:10:42,61,61,0.3,111,7.91,0.0,6.26
2022-01-01 00:16:14,2022-01-01 00:19:29,2022-01-01 00:30:57,61,34,2.14,689,10.43,0.0,9.0
2022-01-01 00:28:32,2022-01-01 00:36:31,2022-01-01 00:52:37,34,181,2.86,966,18.7,0.0,12.11
2022-01-01 00:50:01,2022-01-01 00:56:00,2022-01-01 01:04:31,106,228,1.09,511,8.7,0.0,6.35
2022-01-01 00:18:49,2022-01-01 00:21:51,2022-01-01 00:52:50,114,239,6.11,1859,27.95,0.0,27.04
2022-01-01 00:49:24,2022-01-01 00:56:55,2022-01-01 01:20:26,239,79,6.12,1411,29.5,0.0,36.31
2022-01-01 00:06:06,2022-01-01 00:09:14,2022-01-01 00:25:07,4,25,4.83,953,20.44,0.0,17.11
2022-01-01 00:22:59,2022-01-01 00:33:14,2022-01-01 01:01:11,66,162,8.21,1677,46.17,0.0,33.12
2022-01-01 00:20:56,2022-01-01 00:34:50,2022-01-01 00:42:36,101,19,1.874,641,11.6,0.0,7.45
2022-01-01 00:43:36,2022-01-01 00:49:40,2022-01-01 00:56:23,19,191,2.566,403,10.53,0.0,10.66
2022-01-01 00:54:14,2022-01-01 00:58:29,2022-01-01 01:21:00,191,198,11.987,1357,23.94,0.0,24.67
2022-01-01 00:18:43,2022-01-01 00:22:30,2022-01-01 00:46:35,14,107,11.21,1445,26.73,0.0,25.69
2022-01-01 00:44:26,2022-01-01 00:52:42,2022-01-01 01:09:58,113,265,4.46,1036,23.4,0.0,16.7
2022-01-01 00:25:43,2022-01-01 00:36:03,2022-01-01 01:07:52,95,149,19.34,1909,40.96,4.58,38.55
2022-01-01 00:53:53,2022-01-01 00:59:17,2022-01-01 01:15:19,113,125,1.382,962,25.83,0.0,16.54
2022-01-01 00:27:46,2022-01-01 00:36:14,2022-01-01 00:47:39,225,256,2.21,685,11.34,0.0,9.15
2022-01-01 00:41:50,2022-01-01 00:53:08,2022-01-01 01:11:47,256,186,5.18,1119,23.45,0.0,17.06
2022-01-01 00:15:14,2022-01-01 00:20:09,2022-01-01 00:29:00,36,61,1.695,604,8.93,0.0,6.94
2022-01-01 00:46:27,2022-01-01 00:52:35,2022-01-01 01:01:49,161,142,1.51,554,17.23,0.0,20.59
2022-01-01 00:02:21,2022-01-01 00:14:06,2022-01-01 00:47:03,109,265,20.841,2126,51.17,0.0,44.82
2022-01-01 00:33:26,2022-01-01 00:38:10,2022-01-01 00:57:07,138,233,8.29,1137,22.87,9.62,19.04
2022-01-01 00:54:40,2022-01-01 00:59:20,2022-01-01 01:17:25,229,56,8.08,1085,22.35,0.0,18.37
2022-01-01 00:29:46,2022-01-01 00:36:47,2022-01-01 01:11:34,255,244,13.445,2139,32.28,8.77,32.84
2022-01-01 00:12:34,2022-01-01 00:14:58,2022-01-01 00:21:42,79,233,1.4,404,9.51,0.0,8.97
2022-01-01 00:23:45,2022-01-01 00:39:28,2022-01-01 00:51:09,170,79,2.18,702,12.53,5.0,12.67
2022-01-01 00:49:26,2022-01-01 00:54:54,2022-01-01 01:05:45,107,262,3.31,651,13.24,1.0,12.09
2022-01-01 00:21:29,2022-01-01 00:29:04,2022-01-01 00:53:38,68,41,6.65,1474,27.45,0.0,19.94
2022-01-01 00:49:29,2022-01-01 00:56:28,2022-01-01 01:25:51,41,254,10.18,1763,38.28,0.0,29.24
2022-01-01 00:06:14,2022-01-01 00:09:06,2022-01-01 00:14:50,85,85,0.92,344,7.91,0.0,8.42
2022-01-01 00:17:50,2022-01-01 00:19:06,2022-01-01 00:26:08,188,188,1.79,422,10.37,0.0,8.53
2022-01-01 00:25:05,2022-01-01 00:29:26,2022-01-01 00:44:55,72,89,2.92,929,15.1,0.0,14.02
2022-01-01 00:39:17,2022-01-01 00:49:09,2022-01-01 01:13:37,89,186,9.73,1468,36.8,0.0,27.55
2022-01-01 00:14:56,2022-01-01 00:23:23,2022-01-01 00:30:34,135,130,3.52,431,12.18,5.0,8.6
2022-01-01 00:28:37,2022-01-01 00:36:05,2022-01-01 00:41:54,28,130,1.15,349,14.23,0.0,6.5
2022-01-01 00:43:20,2022-01-01 00:50:58,2022-01-01 01:02:07,197,92,6.47,669,22.0,0.0,17.35
2022-01-01 00:36:37,2022-01-01 00:39:20,2022-01-01 00:46:29,234,170,0.99,429,14.12,0.0,12.36
2022-01-01 00:11:38,2022-01-01 00:12:50,2022-01-01 00:27:32,255,79,3.44,882,16.16,5.0,11.88
2022-01-01 00:44:49,2022-01-01 00:48:24,2022-01-01 01:01:06,231,137,3.09,762,43.7,0.0,24.74
2022-01-01 00:20:22,2022-01-01 00:23:35,2022-01-01 00:29:53,229,262,1.69,378,8.32,0.0,6.92
2022-01-01 00:29:59,2022-01-01 00:31:56,2022-01-01 00:50:53,262,161,3.62,1137,18.0,0.0,13.72
2022-01-01 00:30:11,2022-01-01 00:47:34,2022-01-01 01:03:10,48,140,2.62,936,13.32,0.0,10.75
2022-01-01 00:45:26,2022-01-01 00:52:08,2022-01-01 01:08:45,234,80,7.07,997,22.98,0.0,18.66
2022-01-01 00:04:23,2022-01-01 00:08:49,2022-01-01 00:20:27,233,148,3.38,698,15.69,0.0,12.28
2022-01-01 00:29:50,2022-01-01 00:35:16,2022-01-01 00:56:25,231,42,10.89,1269,33.76,0.0,23.95
2022-01-01 00:52:03,2022-01-01 00:57:20,2022-01-01 01:13:55,42,220,5.94,995,30.15,0.0,20.95
2022-01-01 00:06:19,2022-01-01 00:10:20,2022-01-01 00:34:35,52,249,7.17,1455,26.77,0.0,21.5
2022-01-01 00:32:31,2022-01-01 00:39:12,2022-01-01 00:49:03,158,68,1.82,591,8.79,10.0,8.37
2022-01-01 00:14:47,2022-01-01 00:18:37,2022-01-01 00:29:18,40,13,3.45,641,13.17,4.96,10.16
2022-01-01 00:28:21,2022-01-01 00:32:37,2022-01-01 00:45:23,261,232,4.49,766,13.05,0.0,12.36
2022-01-01 00:40:06,2022-01-01 00:49:52,2022-01-01 01:00:09,148,137,1.85,617,35.42,0.0,20.48
2022-01-01 00:27:44,2022-01-01 00:36:06,2022-01-01 00:40:36,41,42,0.9,270,7.91,1.0,6.47
2022-01-01 00:36:15,2022-01-01 00:46:31,2022-01-01 01:10:01,42,145,6.49,1410,32.06,0.0,21.78
2022-01-01 00:34:07,2022-01-01 00:37:19,2022-01-01 00:50:43,234,148,2.08,804,11.34,0.0,9.92
2022-01-01 00:45:49,2022-01-01 00:54:22,2022-01-01 01:09:36,148,233,3.53,914,39.06,0.0,22.43
2022-01-01 00:25:27,2022-01-01 00:28:50,2022-01-01 00:45:02,225,25,3.1,972,17.54,5.0,12.72
2022-01-01 00:41:37,2022-01-01 00:48:31,2022-01-01 01:05:46,25,112,5.41,1035,37.13,11.96,22.54
2022-01-01 00:51:44,2022-01-01 00:54:43,2022-01-01 01:11:02,231,137,6.64,979,24.49,0.0,33.23
2022-01-01 00:23:01,2022-01-01 00:25:23,2022-01-01 00:36:14,211,4,1.41,651,9.63,0.0,7.02
2022-01-01 00:17:15,2022-01-01 00:20:54,2022-01-01 00:41:37,107,133,10.15,1243,31.6,0.0,22.94
2022-01-01 00:38:32,2022-01-01 00:52:09,2022-01-01 01:02:34,22,22,2.01,625,11.61,1.0,11.61
2022-01-01 00:08:47,2022-01-01 00:13:11,2022-01-01 00:14:47,76,76,0.34,96,7.91,0.0,7.67
2022-01-01 00:15:25,2022-01-01 00:18:36,2022-01-01 00:33:54,76,71,3.72,918,16.22,0.0,14.05
2022-01-01 00:18:31,2022-01-01 00:20:17,2022-01-01 00:47:29,16,265,20.74,1632,55.66,0.0,42.63
2022-01-01 00:32:39,2022-01-01 00:45:22,2022-01-01 01:17:07,256,265,7.451,2193,28.41,0.0,33.28
2022-01-01 00:31:18,2022-01-01 00:36:22,2022-01-01 00:55:50,7,107,8.64,1168,27.58,6.13,20.32
2022-01-01 00:43:28,2022-01-01 00:50:07,2022-01-01 01:07:19,158,143,2.97,1032,38.67,0.0,22.8
2022-01-01 00:11:23,2022-01-01 00:15:15,2022-01-01 00:29:57,40,79,5.21,956,19.57,0.0,13.79
2022-01-01 00:33:13,2022-01-01 00:35:58,2022-01-01 00:55:17,107,265,4.718,1159,25.83,7.08,17.47
2022-01-01 00:43:25,2022-01-01 00:47:44,2022-01-01 01:27:01,75,265,14.4,2357,53.7,0.0,37.58
2022-01-01 00:25:34,2022-01-01 00:31:54,2022-01-01 00:54:41,49,90,5.904,1476,21.48,4.02,18.91
2022-01-01 00:43:02,2022-01-01 00:48:34,2022-01-01 01:04:10,164,148,2.93,936,23.1,0.0,11.51
2022-01-01 00:04:49,2022-01-01 00:08:31,2022-01-01 00:24:11,229,90,3.0,940,16.7,5.0,12.4
2022-01-01 00:30:27,2022-01-01 00:35:30,2022-01-01 00:59:14,68,244,8.06,1424,28.35,0.0,22.03
2022-01-01 00:22:22,2022-01-01 00:25:44,2022-01-01 00:56:39,246,255,5.82,1855,27.69,6.61,22.93
2022-01-01 00:52:22,2022-01-01 00:58:37,2022-01-01 01:03:25,255,112,1.16,288,12.65,0.0,19.38
2022-01-01 00:18:26,2022-01-01 00:22:23,2022-01-01 00:32:40,263,229,2.07,617,7.78,0.0,8.25
2022-01-01 00:31:51,2022-01-01 00:35:54,2022-01-01 00:59:46,229,17,8.42,1432,29.23,0.0,22.09
2022-01-01 00:13:13,2022-01-01 00:24:27,2022-01-01 00:52:13,13,7,10.529,2038,27.68,8.72,28.75
2022-01-01 00:47:39,2022-01-01 00:55:41,2022-01-01 01:02:11,7,146,1.443,391,6.92,0.0,5.47
2022-01-01 00:32:28,2022-01-01 00:35:35,2022-01-01 00:51:07,164,125,1.94,932,12.04,0.0,11.55
2022-01-01 00:27:23,2022-01-01 00:34:39,2022-01-01 01:13:37,246,10,15.71,2338,47.98,0.0,37.21
2022-01-01 00:06:32,2022-01-01 00:13:20,2022-01-01 00:22:54,19,265,3.68,574,13.18,0.0,10.96
2022-01-01 00:18:36,2022-01-01 00:29:59,2022-01-01 00:56:19,19,76,15.24,1580,28.59,0.0,30.25
2022-01-01 00:01:22,2022-01-01 00:05:52,2022-01-01 00:30:00,56,254,13.906,1566,34.91,0.0,28.55
2022-01-01 00:28:11,2022-01-01 00:35:14,2022-01-01 00:51:07,81,20,4.756,953,21.0,0.0,13.26
2022-01-01 00:47:16,2022-01-01 00:56:12,2022-01-01 01:10:32,20,126,4.119,860,21.45,0.0,11.77
2022-01-01 00:02:04,2022-01-01 00:06:59,2022-01-01 00:12:31,228,228,0.89,332,7.51,0.0,6.44
2022-01-01 00:11:25,2022-01-01 00:17:55,2022-01-01 00:22:00,228,228,0.54,245,7.71,0.0,6.88
2022-01-01 00:21:08,2022-01-01 00:26:08,2022-01-01 00:35:53,228,14,4.24,585,14.26,0.0,10.62
2022-01-01 00:31:30,2022-01-01 00:38:31,2022-01-01 01:04:35,14,68,11.21,1564,41.2,8.34,30.0
2022-01-01 00:12:39,2022-01-01 00:19:12,2022-01-01 00:36:31,13,107,5.508,1039,16.08,0.0,14.81
2022-01-01 00:42:37,2022-01-01 00:47:23,2022-01-01 01:09:25,79,189,4.578,1322,20.51,6.42,16.15
2022-01-01 00:10:58,2022-01-01 00:19:04,2022-01-01 00:39:17,231,189,4.66,1213,34.4,0.0,28.69
2022-01-01 00:37:05,2022-01-01 00:46:59,2022-01-01 01:15:37,190,246,9.88,1718,56.02,0.0,44.71
2022-01-01 00:18:32,2022-01-01 00:52:51,2022-01-01 01:23:34,48,7,5.67,1843,28.9,0.0,22.77
2022-01-01 00:35:41,2022-01-01 00:40:29,2022-01-01 00:50:23,22,150,3.83,594,21.85,0.0,14.12
2022-01-01 00:33:35,2022-01-01 00:36:31,2022-01-01 00:46:07,79,79,1.2,576,7.91,0.0,7.23
2022-01-01 00:40:15,2022-01-01 00:52:53,2022-01-01 01:07:40,148,129,7.04,887,43.8,0.0,25.18
2022-01-01 00:14:37,2022-01-01 00:15:23,2022-01-01 00:20:27,239,151,1.46,304,7.91,0.0,6.58
2022-01-01 00:19:16,2022-01-01 00:25:48,2022-01-01 00:39:37,24,236,1.85,829,13.97,0.0,10.17
2022-01-01 00:48:32,2022-01-01 00:54:58,2022-01-01 01:13:27,236,265,10.64,1109,30.54,0.0,24.09
2022-01-01 00:25:30,2022-01-01 00:36:09,2022-01-01 01:07:19,205,35,11.26,1870,35.89,0.0,29.09
2022-01-01 00:38:48,2022-01-01 00:44:14,2022-01-01 00:59:15,68,50,1.84,901,12.68,0.0,23.57
2022-01-01 00:53:02,2022-01-01 00:59:31,2022-01-01 01:35:36,50,256,7.72,2165,51.39,0.0,34.62
2022-01-01 00:01:11,2022-01-01 00:03:21,2022-01-01 00:26:52,161,113,2.62,1411,17.98,0.0,15.06
2022-01-01 00:26:57,2022-01-01 00:29:30,2022-01-01 00:51:43,113,89,8.089,1333,26.83,5.0,20.14
2022-01-01 00:51:33,2022-01-01 00:56:06,2022-01-01 01:17:55,89,140,12.11,1309,34.42,10.58,29.16
2022-01-01 00:06:40,2022-01-01 00:08:38,2022-01-01 00:15:46,249,211,1.381,428,8.87,0.0,5.47
2022-01-01 00:26:06,2022-01-01 00:35:32,2022-01-01 00:50:25,148,54,3.986,1256,15.36,0.0,14.95
2022-01-01 00:40:40,2022-01-01 00:58:36,2022-01-01 01:18:29,33,22,8.39,1270,28.69,4.74,19.95
2022-01-01 00:18:45,2022-01-01 00:22:26,2022-01-01 00:41:37,225,148,4.67,1151,20.29,0.0,15.61
2022-01-01 00:38:29,2022-01-01 00:53:01,2022-01-01 01:25:34,144,37,5.17,1953,47.81,0.0,23.98
2022-01-01 00:18:43,2022-01-01 00:23:54,2022-01-01 00:29:24,52,25,1.07,330,7.91,5.0,7.38
2022-01-01 00:27:53,2022-01-01 00:32:50,2022-01-01 00:47:38,25,62,3.29,888,15.3,0.0,13.04
2022-01-01 00:42:51,2022-01-01 00:52:27,2022-01-01 01:06:03,61,71,2.58,816,11.42,2.0,13.39
2022-01-01 00:27:28,2022-01-01 00:34:22,2022-01-01 00:51:37,138,132,12.8,1035,26.36,0.0,24.2
2022-01-01 00:52:52,2022-01-01 00:58:38,2022-01-01 01:24:57,132,92,10.33,1579,73.47,2.0,41.83
2022-01-01 00:14:02,2022-01-01 00:16:01,2022-01-01 00:39:42,158,140,5.049,1421,22.92,5.73,17.5
2022-01-01 00:39:14,2022-01-01 00:44:48,2022-01-01 01:14:25,141,198,7.831,1777,28.49,0.0,23.57
2022-01-01 00:14:08,2022-01-01 00:19:07,2022-01-01 00:30:34,145,95,6.08,687,-8.35,6.0,13.0
2022-01-01 00:30:11,2022-01-01 00:38:37,2022-01-01 00:58:07,95,92,6.61,1170,26.59,0.0,17.62
2022-01-01 00:14:22,2022-01-01 00:17:33,2022-01-01 00:29:18,142,236,2.13,705,10.56,0.0,9.98
2022-01-01 00:28:14,2022-01-01 00:31:20,2022-01-01 00:42:22,236,145,3.42,662,16.37,0.0,11.05
2022-01-01 00:39:09,2022-01-01 00:44:13,2022-01-01 01:06:28,145,246,4.86,1335,27.49,0.0,18.26
2022-01-01 00:07:52,2022-01-01 00:10:06,2022-01-01 00:31:11,17,63,3.86,1265,20.85,0.0,20.61
2022-01-01 00:27:17,2022-01-01 00:34:59,2022-01-01 00:53:42,63,95,5.92,1123,23.99,0.0,22.56
2022-01-01 00:49:59,2022-01-01 00:56:42,2022-01-01 01:15:58,95,179,7.83,1156,20.39,0.0,22.49
2022-01-01 00:14:08,2022-01-01 00:22:16,2022-01-01 00:28:23,52,25,1.064,367,8.79,3.0,5.47
2022-01-01 00:24:29,2022-01-01 00:41:47,2022-01-01 01:07:48,33,162,7.145,1586,45.56,3.0,24.99
2022-01-01 00:46:42,2022-01-01 00:55:09,2022-01-01 01:09:05,161,238,2.754,1007,13.47,0.0,13.54
2022-01-01 00:26:00,2022-01-01 00:36:21,2022-01-01 00:48:27,97,112,4.724,841,31.32,0.0,18.79
2022-01-01 00:42:39,2022-01-01 00:51:18,2022-01-01 01:08:30,255,170,4.324,1032,38.25,0.0,22.95
2022-01-01 00:31:58,2022-01-01 00:36:27,2022-01-01 01:00:05,246,211,3.777,1418,39.92,0.0,27.86
2022-01-01 00:26:29,2022-01-01 00:28:04,2022-01-01 00:48:16,164,265,5.11,1212,21.19,0.0,18.23
2022-01-01 00:17:13,2022-01-01 00:20:02,2022-01-01 00:24:41,129,70,1.26,279,7.91,0.0,5.39
2022-01-01 00:24:37,2022-01-01 00:38:54,2022-01-01 00:57:57,252,146,9.8,1143,30.59,5.13,21.78
2022-01-01 00:23:13,2022-01-01 00:25:19,2022-01-01 00:36:33,231,158,1.95,674,11.48,0.0,9.62
2022-01-01 00:35:17,2022-01-01 00:38:43,2022-01-01 00:47:54,158,13,2.45,551,10.89,1.0,9.14
2022-01-01 00:43:09,2022-01-01 00:52:19,2022-01-01 01:22:36,261,81,20.22,1817,65.78,0.0,43.34
2022-01-01 00:02:31,2022-01-01 00:07:03,2022-01-01 00:40:11,66,91,8.87,1988,36.77,0.0,28.12
2022-01-01 00:33:01,2022-01-01 00:49:56,2022-01-01 00:57:15,71,91,1.29,439,7.91,0.0,7.09
2021-12-31 23:58:55,2022-01-01 00:03:36,2022-01-01 00:28:05,249,41,6.508,1469,21.55,0.0,19.52
2022-01-01 00:27:55,2022-01-01 00:33:35,2022-01-01 00:40:21,41,166,0.992,406,10.84,2.0,7.07
2022-01-01 00:37:32,2022-01-01 00:43:06,2022-01-01 00:49:34,166,116,1.537,388,12.96,0.0,5.47
2022-01-01 00:47:53,2022-01-01 00:52:32,2022-01-01 01:04:46,116,167,2.574,734,19.4,0.0,11.06
2022-01-01 00:20:44,2022-01-01 00:28:47,2022-01-01 00:40:14,256,232,3.36,687,14.74,0.0,12.24
2022-01-01 00:35:47,2022-01-01 00:44:24,2022-01-01 00:55:49,232,170,3.67,685,19.86,0.0,15.56
2022-01-01 00:52:13,2022-01-01 00:56:02,2022-01-01 01:00:53,170,137,0.74,291,7.91,0.0,8.18
2022-01-01 00:26:33,2022-01-01 00:36:44,2022-01-01 00:58:41,25,177,4.84,1317,22.1,0.0,18.37
2022-01-01 00:04:23,2022-01-01 00:05:52,2022-01-01 00:38:17,112,265,19.9,1945,57.42,9.63,42.58
2022-01-01 00:31:27,2022-01-01 00:34:20,2022-01-01 00:47:19,255,66,3.2,779,25.78,0.0,20.3
2022-01-01 00:50:42,2022-01-01 00:55:36,2022-01-01 01:11:52,66,211,3.12,976,38.22,0.0,28.2
2022-01-01 00:02:02,2022-01-01 00:08:44,2022-01-01 00:22:23,142,233,2.37,819,11.16,4.77,11.41
2022-01-01 00:27:53,2022-01-01 00:32:26,2022-01-01 00:53:00,233,238,4.21,1234,17.74,0.0,16.89
2022-01-01 00:49:18,2022-01-01 00:59:34,2022-01-01 01:07:53,238,151,1.02,499,13.9,0.0,8.27
2022-01-01 00:24:49,2022-01-01 00:27:42,2022-01-01 00:37:39,70,196,2.5,597,13.11,0.0,9.01
2022-01-01 00:34:15,2022-01-01 00:41:41,2022-01-01 00:51:03,95,82,2.23,562,20.94,0.0,10.16
2022-01-01 00:47:48,2022-01-01 00:56:29,2022-01-01 01:18:03,82,198,4.25,1294,25.69,0.0,16.77
2022-01-01 00:21:20,2022-01-01 00:27:05,2022-01-01 00:41:09,125,68,3.09,844,13.96,2.41,11.55
2022-01-01 00:41:41,2022-01-01 00:47:16,2022-01-01 01:19:22,68,265,6.54,1926,37.04,0.0,30.29
2022-01-01 00:26:56,2022-01-01 00:33:34,2022-01-01 00:38:45,47,69,0.88,311,14.11,0.0,6.12
2022-01-01 00:31:04,2022-01-01 00:49:59,2022-01-01 01:07:09,69,265,8.48,1030,26.46,0.0,23.33
2021-12-31 23:51:00,2022-01-01 00:00:00,2022-01-01 00:20:33,50,45,7.112,1253,26.04,4.78,18.39
2022-01-01 00:18:39,2022-01-01 00:23:44,2022-01-01 00:39:13,209,107,5.138,966,15.14,0.0,13.79
2022-01-01 00:51:08,2022-01-01 00:55:35,2022-01-01 01:04:23,234,164,1.086,596,9.16,0.0,6.2
2022-01-01 00:14:00,2022-01-01 00:21:56,2022-01-01 00:48:03,161,43,2.86,1567,15.59,0.0,18.74
2022-01-01 00:40:55,2022-01-01 00:49:06,2022-01-01 01:00:57,142,41,3.06,711,17.06,0.0,18.3
2022-01-01 00:11:14,2022-01-01 00:12:03,2022-01-01 00:27:49,164,161,1.303,946,16.23,3.14,9.37
2022-01-01 00:43:53,2022-01-01 00:57:15,2022-01-01 01:19:43,163,166,5.421,1348,22.7,0.0,17.3
2022-01-01 00:13:11,2022-01-01 00:18:18,2022-01-01 00:44:39,114,265,6.58,1581,28.66,0.0,22.96
2022-01-01 00:10:43,2022-01-01 00:13:52,2022-01-01 00:23:11,144,125,1.1,559,7.91,0.0,6.99
2022-01-01 00:23:23,2022-01-01 00:26:13,2022-01-01 00:30:22,125,249,0.44,249,7.91,0.0,6.49
2022-01-01 00:29:13,2022-01-01 00:34:13,2022-01-01 00:47:34,125,33,2.9,801,17.88,0.0,11.0
2022-01-01 00:44:34,2022-01-01 00:50:48,2022-01-01 01:00:58,33,87,2.24,610,15.99,0.0,14.17
2022-01-01 00:04:09,2022-01-01 00:07:52,2022-01-01 00:14:52,113,79,0.74,420,9.32,0.0,7.02
2022-01-01 00:19:55,2022-01-01 00:22:11,2022-01-01 00:44:13,79,151,6.85,1322,25.12,0.0,19.17
2022-01-01 00:41:06,2022-01-01 00:48:36,2022-01-01 00:56:44,151,166,1.78,488,7.91,0.0,7.61
2022-01-01 00:26:18,2022-01-01 00:31:02,2022-01-01 00:44:08,112,179,6.278,786,16.97,6.0,13.55
2022-01-01 00:47:28,2022-01-01 00:51:34,2022-01-01 01:04:35,223,42,5.929,781,20.96,6.01,15.39
2022-01-01 00:03:38,2022-01-01 00:04:37,2022-01-01 00:27:09,114,265,12.74,1352,32.27,0.0,28.29
2022-01-01 00:15:34,2022-01-01 00:17:33,2022-01-01 00:28:16,146,7,2.1,643,11.45,0.0,9.37
2022-01-01 00:27:59,2022-01-01 00:30:52,2022-01-01 00:39:32,7,179,1.73,520,9.33,4.0,7.93
2022-01-01 00:35:48,2022-01-01 00:42:44,2022-01-01 00:51:54,7,223,1.69,550,9.2,3.0,8.15
2022-01-01 00:45:49,2022-01-01 00:54:07,2022-01-01 01:18:10,223,61,9.88,1443,31.67,7.08,24.65
2022-01-01 00:28:48,2022-01-01 00:35:23,2022-01-01 00:59:08,49,140,9.214,1555,40.17,11.97,23.25
2022-01-01 00:11:58,2022-01-01 00:18:22,2022-01-01 00:35:49,73,73,3.8,1047,17.27,0.0,14.08
2022-01-01 00:33:59,2022-01-01 00:41:20,2022-01-01 01:06:07,171,35,12.16,1487,29.4,0.0,30.73
2022-01-01 00:26:50,2022-01-01 00:52:31,2022-01-01 01:17:30,142,56,9.19,1499,49.02,0.0,28.28
2022-01-01 00:05:18,2022-01-01 00:07:41,2022-01-01 00:17:18,90,137,1.48,577,9.39,0.0,7.81
2022-01-01 00:19:37,2022-01-01 00:20:58,2022-01-01 00:31:29,137,249,1.87,631,7.74,0.0,8.68
2022-01-01 00:27:37,2022-01-01 00:36:24,2022-01-01 00:47:26,158,231,1.68,662,10.37,1.0,9.43
2022-01-01 00:18:05,2022-01-01 00:30:53,2022-01-01 00:49:32,164,75,4.869,1119,17.93,0.0,14.78
2022-01-01 00:52:32,2022-01-01 00:58:16,2022-01-01 01:03:02,75,168,1.541,342,7.57,0.0,7.7
2022-01-01 00:02:38,2022-01-01 00:05:54,2022-01-01 00:18:02,62,61,1.58,728,10.86,0.0,9.3
2022-01-01 00:18:04,2022-01-01 00:19:27,2022-01-01 00:38:26,61,112,3.85,1139,18.23,0.0,15.24
2022-01-01 00:34:43,2022-01-01 00:41:58,2022-01-01 00:49:15,255,112,1.92,437,8.24,0.0,7.24
2022-01-01 00:48:10,2022-01-01 00:57:20,2022-01-01 01:01:10,112,112,1.02,230,18.19,0.0,14.61
2022-01-01 00:05:09,2022-01-01 00:08:20,2022-01-01 00:17:06,231,66,2.48,526,13.38,0.0,8.3
2022-01-01 00:14:15,2022-01-01 00:25:18,2022-01-01 00:59:06,66,177,5.86,2028,28.71,0.0,24.6
2022-01-01 00:10:19,2022-01-01 00:13:22,2022-01-01 00:26:17,72,155,2.883,775,12.5,0.0,9.69
2022-01-01 00:11:04,2022-01-01 00:29:33,2022-01-01 00:39:00,155,89,2.216,567,9.64,0.0,7.21
2022-01-01 00:39:46,2022-01-01 00:43:19,2022-01-01 01:00:46,89,17,4.198,1070,19.62,0.0,13.62
2021-12-31 23:59:42,2022-01-01 00:00:49,2022-01-01 00:32:06,161,265,6.65,1877,31.85,0.0,26.45
2022-01-01 00:24:48,2022-01-01 00:30:15,2022-01-01 00:46:21,89,61,3.523,972,15.18,0.0,12.04
2022-01-01 00:45:39,2022-01-01 00:53:00,2022-01-01 01:07:43,61,181,3.135,1089,21.25,0.0,14.65
2022-01-01 00:27:29,2022-01-01 00:31:21,2022-01-01 00:42:56,141,42,4.45,695,15.64,0.0,11.88
2022-01-01 00:38:58,2022-01-01 00:46:44,2022-01-01 00:59:10,42,147,4.88,746,19.8,0.0,14.04
2022-01-01 00:20:19,2022-01-01 00:21:23,2022-01-01 00:34:56,50,166,5.262,813,18.87,4.77,14.35
2022-01-01 00:35:15,2022-01-01 00:41:07,2022-01-01 00:51:35,166,50,3.871,748,19.88,0.0,11.81
2022-01-01 00:40:02,2022-01-01 00:57:26,2022-01-01 01:38:15,48,89,12.458,2641,42.89,0.0,39.97
2022-01-01 00:19:00,2022-01-01 00:20:31,2022-01-01 00:46:09,255,197,9.25,1538,29.54,0.0,23.9
2022-01-01 00:40:29,2022-01-01 00:49:21,2022-01-01 01:03:21,197,82,3.89,840,18.9,0.0,14.4
2022-01-01 00:25:22,2022-01-01 00:33:09,2022-01-01 01:08:20,116,35,20.098,2187,43.97,0.0,40.63
2022-01-01 00:18:57,2022-01-01 00:21:51,2022-01-01 00:32:09,211,265,3.31,618,17.4,0.0,11.96
2022-01-01 00:42:38,2022-01-01 00:46:16,2022-01-01 01:12:34,231,82,9.88,1578,54.48,0.0,33.37
2022-01-01 00:04:21,2022-01-01 00:09:53,2022-01-01 00:15:56,85,71,0.63,363,8.53,0.0,6.16
2022-01-01 00:15:59,2022-01-01 00:20:51,2022-01-01 00:25:49,85,85,1.09,298,7.91,0.0,5.69
2022-01-01 00:25:46,2022-01-01 00:29:36,2022-01-01 00:44:33,85,35,3.32,897,16.65,0.0,11.47
2022-01-01 00:40:46,2022-01-01 00:46:46,2022-01-01 00:51:50,35,177,0.71,304,7.91,0.0,5.69
2022-01-01 00:48:07,2022-01-01 00:54:45,2022-01-01 01:11:44,35,39,3.22,1019,14.97,0.0,12.39
2022-01-01 00:17:59,2022-01-01 00:21:10,2022-01-01 00:56:07,113,69,10.1,2097,33.96,0.0,29.25
2022-01-01 00:52:13,2022-01-01 00:58:25,2022-01-01 01:20:58,69,18,3.25,1353,22.2,0.0,19.97
2022-01-01 00:17:02,2022-01-01 00:23:42,2022-01-01 00:35:23,228,188,3.1,701,13.89,0.0,9.61
2022-01-01 00:32:19,2022-01-01 00:46:06,2022-01-01 00:56:20,189,61,2.35,615,13.24,0.0,8.07
2022-01-01 00:34:49,2022-01-01 00:37:19,2022-01-01 00:53:36,229,66,6.52,977,21.24,10.3,15.64
2022-01-01 00:22:20,2022-01-01 00:24:39,2022-01-01 00:48:54,186,116,9.04,1456,25.23,7.59,23.12
2022-01-01 00:44:11,2022-01-01 00:55:17,2022-01-01 01:08:07,42,42,0.84,770,20.79,0.0,13.57
2022-01-01 00:12:09,2022-01-01 00:16:07,2022-01-01 00:30:22,213,51,5.3,856,17.95,0.0,14.47
2022-01-01 00:26:15,2022-01-01 00:41:13,2022-01-01 00:59:43,208,243,8.62,1110,23.78,0.0,22.44
2022-01-01 00:10:18,2022-01-01 00:13:09,2022-01-01 00:26:27,63,197,5.0,798,15.33,0.0,13.86
2022-01-01 00:24:51,2022-01-01 00:29:23,2022-01-01 00:34:17,197,197,1.12,294,7.91,0.0,7.07
2022-01-01 00:31:34,2022-01-01 00:38:15,2022-01-01 00:47:52,197,95,2.18,577,12.21,0.0,13.91
2022-01-01 00:47:12,2022-01-01 00:52:11,2022-01-01 00:57:25,134,134,0.87,314,7.91,0.0,8.82
2022-01-01 00:54:06,2022-01-01 00:57:50,2022-01-01 01:08:19,134,19,6.94,629,18.88,0.0,14.6
2022-01-01 00:24:45,2022-01-01 00:34:10,2022-01-01 00:47:08,169,241,2.256,778,11.33,0.0,9.02
2022-01-01 00:43:59,2022-01-01 00:54:04,2022-01-01 01:03:09,18,32,2.091,620,18.11,0.0,10.86
2022-01-01 00:34:44,2022-01-01 00:37:59,2022-01-01 00:47:38,141,107,2.54,579,12.25,0.0,8.52
2022-01-01 00:45:50,2022-01-01 00:50:17,2022-01-01 01:13:21,107,152,8.33,1384,29.85,0.0,21.63
2022-01-01 00:07:14,2022-01-01 00:13:03,2022-01-01 00:41:06,141,135,11.94,1683,32.03,0.0,27.26
2022-01-01 00:36:46,2022-01-01 00:46:20,2022-01-01 01:10:13,121,37,9.24,1433,28.63,0.0,23.93
2022-01-01 00:06:05,2022-01-01 00:08:29,2022-01-01 00:33:42,168,254,8.87,1513,31.45,0.0,24.05
2022-01-01 00:31:19,2022-01-01 00:37:57,2022-01-01 00:55:23,240,243,6.37,1046,26.38,0.0,21.64
2022-01-01 00:51:24,2022-01-01 00:57:40,2022-01-01 00:59:42,127,127,0.38,122,17.4,1.0,11.17
2022-01-01 00:09:50,2022-01-01 00:15:40,2022-01-01 00:36:15,95,203,10.42,1235,31.35,0.0,22.74
2022-01-01 00:30:43,2022-01-01 00:38:47,2022-01-01 01:02:27,203,155,14.74,1420,35.1,0.0,29.05
2022-01-01 00:15:48,2022-01-01 00:17:59,2022-01-01 00:32:29,49,52,3.28,870,18.03,0.0,11.93
2022-01-01 00:30:29,2022-01-01 00:36:24,2022-01-01 00:49:03,52,224,5.79,759,22.37,5.55,16.01
2022-01-01 00:47:32,2022-01-01 00:58:43,2022-01-01 01:22:13,79,50,3.96,1410,35.66,0.0,29.2
2022-01-01 00:18:58,2022-01-01 00:23:45,2022-01-01 00:35:33,263,48,2.919,708,17.93,0.0,9.17
2022-01-01 00:30:37,2022-01-01 00:38:24,2022-01-01 00:59:33,48,90,2.714,1299,10.66,0.0,13.9
2022-01-01 00:37:32,2022-01-01 00:43:45,2022-01-01 00:47:51,237,141,0.51,246,6.84,0.0,5.65
2022-01-01 00:47:54,2022-01-01 00:50:41,2022-01-01 01:09:35,140,179,4.84,1134,20.64,5.0,15.08
2022-01-01 00:08:39,2022-01-01 00:10:48,2022-01-01 00:18:44,239,24,1.81,476,8.43,0.0,0.0
2022-01-01 00:19:29,2022-01-01 00:28:14,2022-01-01 00:36:01,166,238,1.27,467,7.91,0.0,0.0
2022-01-01 00:35:48,2022-01-01 00:40:56,2022-01-01 00:51:18,239,141,1.62,622,23.31,0.0,0.0
2022-01-01 00:08:58,2022-01-01 00:15:10,2022-01-01 00:24:10,184,265,3.57,540,15.85,0.0,11.63
2022-01-01 00:22:54,2022-01-01 00:33:35,2022-01-01 00:44:01,259,18,4.36,626,16.25,0.0,11.34
2022-01-01 00:45:09,2022-01-01 00:52:13,2022-01-01 01:06:14,174,119,6.11,841,19.06,0.0,19.82
2022-01-01 00:26:34,2022-01-01 00:31:01,2022-01-01 00:38:43,164,246,1.24,462,8.17,0.0,6.79
2022-01-01 00:48:01,2022-01-01 00:53:54,2022-01-01 00:57:33,246,68,0.42,219,10.79,0.0,6.79
2022-01-01 00:45:27,2022-01-01 00:49:55,2022-01-01 01:22:03,186,145,5.51,1980,54.81,0.0,56.08
2022-01-01 00:22:20,2022-01-01 00:25:57,2022-01-01 00:32:45,141,74,2.37,408,10.93,10.0,8.85
2022-01-01 00:29:38,2022-01-01 00:37:34,2022-01-01 00:54:45,74,79,6.27,1031,22.55,0.0,19.43
2022-01-01 00:51:42,2022-01-01 00:58:20,2022-01-01 01:05:33,113,186,1.16,433,11.62,0.0,8.63
2022-01-01 00:02:41,2022-01-01 00:05:13,2022-01-01 00:29:16,137,265,6.2,1443,28.11,0.0,21.84
2022-01-01 00:37:39,2022-01-01 00:39:23,2022-01-01 01:07:34,231,189,5.5,1691,39.66,9.42,28.76
2022-01-01 00:09:20,2022-01-01 00:19:20,2022-01-01 00:25:15,51,81,1.13,355,7.91,0.0,6.17
2022-01-01 00:24:22,2022-01-01 00:33:51,2022-01-01 00:37:42,254,254,0.52,231,11.08,0.0,7.17
2022-01-01 00:31:18,2022-01-01 00:40:41,2022-01-01 00:50:51,254,182,5.17,610,19.25,0.0,14.58
2022-01-01 00:49:17,2022-01-01 00:57:11,2022-01-01 01:21:22,242,24,9.48,1451,27.37,0.0,26.38
2022-01-01 00:30:12,2022-01-01 00:35:14,2022-01-01 00:55:05,144,7,7.31,1191,21.52,5.36,18.45
2022-01-01 00:53:07,2022-01-01 00:57:22,2022-01-01 01:09:29,7,260,2.05,727,11.8,0.0,8.76
2022-01-01 00:02:59,2022-01-01 00:07:37,2022-01-01 00:18:54,79,87,3.263,755,11.83,3.0,13.33
2022-01-01 00:17:21,2022-01-01 00:20:24,2022-01-01 00:29:50,87,148,1.705,566,8.18,1.0,6.63
2022-01-01 00:21:22,2022-01-01 00:25:07,2022-01-01 00:56:25,229,265,16.917,1971,47.21,0.0,36.8
2022-01-01 00:14:25,2022-01-01 00:21:13,2022-01-01 00:28:36,213,208,2.96,443,13.2,0.0,8.53
2022-01-01 00:24:12,2022-01-01 00:34:46,2022-01-01 01:02:53,208,127,8.48,1687,32.27,0.0,31.03
2022-01-01 00:22:39,2022-01-01 00:26:13,2022-01-01 00:44:20,144,170,2.34,1087,16.98,0.0,12.11
2022-01-01 00:46:01,2022-01-01 00:49:16,2022-01-01 01:18:22,170,198,8.51,1746,32.0,0.0,24.44
2022-01-01 00:16:18,2022-01-01 00:20:17,2022-01-01 00:25:53,144,211,0.76,336,7.92,0.0,5.41
2022-01-01 00:24:58,2022-01-01 00:27:41,2022-01-01 00:36:16,211,13,1.5,515,8.1,2.0,5.97
2022-01-01 00:30:14,2022-01-01 00:38:58,2022-01-01 00:52:29,13,4,3.88,811,16.68,0.0,11.06
2022-01-01 00:50:11,2022-01-01 00:55:06,2022-01-01 01:12:17,4,112,4.15,1031,28.37,5.17,15.71
2022-01-01 00:28:08,2022-01-01 00:31:19,2022-01-01 00:51:49,148,223,9.523,1248,25.08,0.0,21.02
2022-01-01 00:47:50,2022-01-01 00:56:15,2022-01-01 01:22:59,50,148,4.82,1604,51.91,0.0,29.57
2022-01-01 00:28:00,2022-01-01 00:32:55,2022-01-01 00:53:04,192,145,9.209,1209,25.08,0.0,20.35
2022-01-01 00:48:00,2022-01-01 00:54:38,2022-01-01 01:11:31,145,164,3.027,1013,21.87,0.0,13.89
2022-01-01 00:21:47,2022-01-01 00:25:07,2022-01-01 01:13:34,170,265,21.29,2907,61.38,10.3,51.26
2022-01-01 00:08:27,2022-01-01 00:14:16,2022-01-01 00:22:44,88,231,1.168,530,9.43,0.0,7.07
2022-01-01 00:22:48,2022-01-01 00:25:22,2022-01-01 00:40:29,231,229,6.783,914,17.64,0.0,15.19
2021-12-31 23:56:25,2022-01-01 00:00:42,2022-01-01 00:04:50,258,258,0.95,248,7.12,0.0,6.46
2022-01-01 00:07:53,2022-01-01 00:10:48,2022-01-01 00:14:18,258,258,0.61,210,7.91,0.0,6.46
2022-01-01 00:13:05,2022-01-01 00:18:02,2022-01-01 00:35:28,63,61,3.78,1046,17.88,0.0,13.98
2022-01-01 00:33:51,2022-01-01 00:39:19,2022-01-01 00:55:12,61,76,1.88,953,13.16,0.0,11.1
2022-01-01 00:23:19,2022-01-01 00:27:35,2022-01-01 00:48:14,107,7,5.172,1267,20.41,0.0,16.35
2022-01-01 00:24:11,2022-01-01 00:29:59,2022-01-01 00:51:37,148,82,8.2,1298,26.55,0.0,20.87
2022-01-01 00:45:39,2022-01-01 00:55:25,2022-01-01 01:05:15,56,129,1.57,590,9.85,0.0,7.62
2022-01-01 00:04:12,2022-01-01 00:08:59,2022-01-01 00:28:08,76,85,4.283,1205,20.55,0.0,14.85
2022-01-01 00:32:08,2022-01-01 00:38:50,2022-01-01 00:52:24,188,49,3.012,989,12.47,0.0,11.62
2022-01-01 00:40:31,2022-01-01 00:55:51,2022-01-01 01:14:51,49,36,3.45,1140,18.75,0.0,15.24
2022-01-01 00:06:34,2022-01-01 00:09:21,2022-01-01 00:29:04,137,95,8.37,1183,27.24,20.0,21.63
2022-01-01 00:22:57,2022-01-01 00:30:30,2022-01-01 00:42:07,95,173,2.17,697,12.53,0.0,10.73
2022-01-01 00:35:48,2022-01-01 00:44:24,2022-01-01 01:02:36,56,146,4.23,1092,26.35,0.0,18.31
2022-01-01 00:19:19,2022-01-01 00:22:12,2022-01-01 00:29:52,238,41,1.669,460,8.32,5.0,5.71
2022-01-01 00:29:56,2022-01-01 00:34:35,2022-01-01 00:41:08,41,41,1.207,470,8.04,0.0,5.47
2022-01-01 00:39:23,2022-01-01 00:46:54,2022-01-01 01:00:28,41,127,4.73,814,21.17,0.0,12.07
2022-01-01 00:50:22,2022-01-01 00:52:40,2022-01-01 01:26:32,146,188,9.02,2032,31.19,0.0,27.94
2022-01-01 00:27:29,2022-01-01 00:30:24,2022-01-01 00:35:22,142,48,0.8,298,19.78,4.97,10.88
2022-01-01 00:00:51,2022-01-01 00:03:04,2022-01-01 00:08:38,193,179,1.4,334,7.91,0.0,6.78
2022-01-01 00:12:08,2022-01-01 00:15:17,2022-01-01 00:39:15,179,36,7.86,1438,29.36,0.0,22.08
2022-01-01 00:35:30,2022-01-01 00:43:58,2022-01-01 00:58:47,36,61,3.17,889,17.2,5.0,12.32
2022-01-01 00:32:45,2022-01-01 00:37:42,2022-01-01 00:49:13,158,164,1.832,784,10.04,1.0,8.59
2022-01-01 00:23:34,2022-01-01 00:27:33,2022-01-01 00:53:33,164,50,2.61,1560,16.26,0.0,16.43
2022-01-01 00:02:24,2022-01-01 00:07:32,2022-01-01 00:14:19,237,161,0.87,407,16.09,0.0,12.25
2022-01-01 00:45:33,2022-01-01 00:55:36,2022-01-01 01:07:35,148,40,4.94,719,45.01,0.0,32.64
2022-01-01 00:11:09,2022-01-01 00:20:52,2022-01-01 00:40:44,142,186,2.96,1266,14.24,0.0,15.61
2022-01-01 00:32:02,2022-01-01 00:55:07,2022-01-01 01:14:46,48,41,5.931,1190,18.53,0.0,16.55
2022-01-01 00:09:25,2022-01-01 00:13:04,2022-01-01 00:20:27,140,233,2.58,443,9.39,0.0,7.94
2022-01-01 00:29:59,2022-01-01 00:32:03,2022-01-01 00:47:13,164,231,2.78,910,11.17,0.0,12.07
2022-01-01 00:40:46,2022-01-01 00:50:03,2022-01-01 00:58:31,231,114,1.33,508,31.12,0.0,18.51
2022-01-01 00:06:38,2022-01-01 00:10:04,2022-01-01 00:28:28,37,40,6.957,1104,23.68,0.0,16.97
2022-01-01 00:27:12,2022-01-01 00:31:44,2022-01-01 00:37:36,40,33,0.958,352,11.38,0.0,5.47
2022-01-01 00:22:49,2022-01-01 00:52:01,2022-01-01 01:15:10,66,225,4.791,1389,21.39,0.0,16.95
2021-12-31 23:58:59,2022-01-01 00:02:09,2022-01-01 00:21:03,216,38,6.46,1134,20.23,0.0,17.91
2022-01-01 00:17:58,2022-01-01 00:26:18,2022-01-01 00:33:06,191,191,1.61,409,8.03,0.0,6.78
2022-01-01 00:26:26,2022-01-01 00:35:57,2022-01-01 00:56:03,191,198,9.7,1206,28.11,0.0,23.33
2022-01-01 00:50:27,2022-01-01 00:58:15,2022-01-01 01:06:42,198,102,1.67,507,26.02,0.0,15.6
2022-01-01 00:38:18,2022-01-01 00:43:05,2022-01-01 00:48:56,75,74,1.422,351,8.93,3.0,5.47
2022-01-01 00:46:05,2022-01-01 00:50:04,2022-01-01 01:11:29,74,208,8.728,1285,27.6,0.0,22.5
2022-01-01 00:39:03,2022-01-01 00:42:32,2022-01-01 00:52:19,211,158,1.37,587,16.78,0.0,15.2
2022-01-01 00:52:14,2022-01-01 00:55:57,2022-01-01 01:20:54,158,112,6.24,1497,43.96,0.0,39.77
2022-01-01 00:01:44,2022-01-01 00:05:11,2022-01-01 00:26:34,39,205,9.66,1283,26.99,0.0,25.15
2022-01-01 00:35:26,2022-01-01 00:44:10,2022-01-01 00:50:15,215,10,1.52,365,9.49,0.0,5.89
2022-01-01 00:48:24,2022-01-01 00:59:55,2022-01-01 01:16:47,10,216,3.07,1012,16.7,0.0,12.36
2022-01-01 00:00:54,2022-01-01 00:02:48,2022-01-01 00:11:15,249,170,2.16,507,12.16,0.0,8.77
2022-01-01 00:33:45,2022-01-01 00:36:35,2022-01-01 00:43:34,249,148,1.11,419,7.91,0.0,7.52
2022-01-01 00:38:12,2022-01-01 00:45:15,2022-01-01 00:54:21,148,229,2.58,546,26.24,0.0,16.56
2022-01-01 00:52:42,2022-01-01 00:56:31,2022-01-01 01:04:54,229,170,0.94,503,8.7,0.0,7.53
2022-01-01 00:04:55,2022-01-01 00:08:46,2022-01-01 00:20:41,229,168,4.832,715,16.75,0.0,11.35
2022-01-01 00:23:55,2022-01-01 00:28:39,2022-01-01 00:38:26,168,75,2.49,587,13.32,0.0,7.68
2022-01-01 00:38:13,2022-01-01 00:49:58,2022-01-01 01:05:21,166,48,5.28,987,24.19,0.0,14.13
2022-01-01 00:11:17,2022-01-01 00:12:34,2022-01-01 00:26:05,80,198,2.828,811,13.05,0.0,9.94
2022-01-01 00:21:17,2022-01-01 00:29:45,2022-01-01 00:51:06,198,93,5.962,1334,17.56,0.0,17.79
2022-01-01 00:46:23,2022-01-01 00:53:07,2022-01-01 00:58:35,56,196,1.095,328,6.88,0.0,5.47
2022-01-01 00:32:20,2022-01-01 00:38:30,2022-01-01 00:45:19,239,142,0.89,409,14.15,7.0,14.6
2022-01-01 00:48:31,2022-01-01 00:52:50,2022-01-01 01:05:30,143,236,2.29,760,24.41,0.0,22.15
2022-01-01 00:10:32,2022-01-01 00:14:53,2022-01-01 00:18:51,41,41,0.361,265,13.47,5.0,10.1
2022-01-01 00:16:44,2022-01-01 00:18:09,2022-01-01 00:43:44,79,186,3.26,1535,14.94,0.0,17.61
2022-01-01 00:33:36,2022-01-01 00:48:03,2022-01-01 01:20:19,68,80,8.27,1936,40.51,0.0,28.99
2022-01-01 00:42:05,2022-01-01 00:46:27,2022-01-01 01:11:07,231,41,11.75,1480,59.56,0.0,46.3
2022-01-01 00:17:43,2022-01-01 00:19:30,2022-01-01 00:32:42,256,79,3.3,792,14.61,0.0,11.34
2022-01-01 00:33:18,2022-01-01 00:36:51,2022-01-01 00:53:43,113,97,3.92,1012,13.94,0.0,13.87
2022-01-01 00:22:05,2022-01-01 00:27:58,2022-01-01 00:34:43,40,181,1.67,405,9.74,0.0,9.83
2022-01-01 00:31:06,2022-01-01 00:38:33,2022-01-01 00:56:33,181,255,5.36,1080,18.72,0.0,17.38
2022-01-01 00:08:08,2022-01-01 00:09:09,2022-01-01 00:32:33,87,164,5.04,1404,23.07,0.0,19.07
2022-01-01 00:32:46,2022-01-01 00:37:12,2022-01-01 00:49:57,164,261,5.67,765,20.68,0.0,14.42
2022-01-01 00:47:45,2022-01-01 00:56:27,2022-01-01 01:08:45,261,224,3.93,738,25.01,0.0,19.27
2022-01-01 00:42:33,2022-01-01 00:58:09,2022-01-01 01:17:49,231,49,3.78,1283,20.78,0.0,19.46
2022-01-01 00:20:20,2022-01-01 00:23:16,2022-01-01 00:37:08,139,265,4.87,832,17.25,0.0,14.45
2022-01-01 00:34:15,2022-01-01 00:37:43,2022-01-01 00:44:16,211,249,0.74,393,14.15,0.0,12.79
2022-01-01 00:45:54,2022-01-01 00:53:57,2022-01-01 01:01:42,45,79,1.12,465,21.59,0.0,21.32
2022-01-01 00:47:30,2022-01-01 00:54:50,2022-01-01 01:02:47,238,142,2.002,477,11.54,5.0,8.27
2022-01-01 00:21:56,2022-01-01 00:29:35,2022-01-01 00:57:40,231,143,4.79,1685,40.48,0.0,34.64
2022-01-01 00:25:09,2022-01-01 00:27:33,2022-01-01 00:32:51,37,80,1.05,318,7.91,4.0,8.13
2022-01-01 00:30:19,2022-01-01 00:42:19,2022-01-01 00:49:30,256,17,1.72,431,8.82,0.0,8.24
2022-01-01 00:44:42,2022-01-01 00:51:58,2022-01-01 01:06:51,17,36,2.73,893,15.37,0.0,14.47
2022-01-01 00:04:43,2022-01-01 00:11:03,2022-01-01 00:22:46,58,265,5.82,704,19.52,0.0,14.95
2022-01-01 00:44:11,2022-01-01 00:48:10,2022-01-01 00:53:11,114,234,1.06,301,14.75,0.0,13.84
2022-01-01 00:54:04,2022-01-01 00:58:59,2022-01-01 01:13:23,249,33,3.55,864,28.01,5.11,28.82
2022-01-01 00:29:46,2022-01-01 00:38:44,2022-01-01 00:50:15,60,247,2.04,691,14.71,0.0,10.44
2022-01-01 00:43:39,2022-01-01 00:59:47,2022-01-01 02:12:17,69,265,44.9,4350,148.76,0.0,105.17
2022-01-01 00:13:00,2022-01-01 00:17:59,2022-01-01 00:34:51,170,66,5.97,1012,17.82,3.4,16.32
2022-01-01 00:29:54,2022-01-01 00:36:08,2022-01-01 00:58:55,66,85,6.46,1367,38.6,0.0,30.83
2022-01-01 00:01:54,2022-01-01 00:03:18,2022-01-01 00:10:50,148,79,1.15,452,5.39,0.0,7.08
2022-01-01 00:18:53,2022-01-01 00:20:22,2022-01-01 00:32:12,79,140,3.72,710,14.65,0.0,11.72
2022-01-01 00:32:22,2022-01-01 00:34:48,2022-01-01 00:52:22,262,170,3.15,1054,16.19,0.0,13.97
2022-01-01 00:10:22,2022-01-01 00:17:52,2022-01-01 00:23:15,80,112,0.93,323,7.91,2.0,6.27
2022-01-01 00:23:14,2022-01-01 00:27:32,2022-01-01 00:45:37,112,61,4.39,1085,20.71,0.0,14.81
2022-01-01 00:40:36,2022-01-01 00:50:32,2022-01-01 01:19:03,61,42,13.69,1711,9.32,6.0,32.04
2022-01-01 00:21:05,2022-01-01 00:27:21,2022-01-01 00:46:46,66,68,4.14,1165,31.63,0.0,18.02
2022-01-01 00:44:27,2022-01-01 00:52:58,2022-01-01 00:59:13,249,107,1.38,375,16.46,0.0,10.5
2022-01-01 00:09:35,2022-01-01 00:15:12,2022-01-01 00:34:37,63,35,3.26,1165,14.8,0.0,13.81
2022-01-01 00:25:07,2022-01-01 00:36:56,2022-01-01 01:12:49,35,117,13.91,2153,30.83,0.0,33.84
2022-01-01 00:26:15,2022-01-01 00:28:06,2022-01-01 00:45:20,234,239,4.75,1034,23.63,0.0,15.43
2022-01-01 00:41:54,2022-01-01 00:51:06,2022-01-01 01:05:19,239,116,4.78,853,16.74,0.0,16.19
2022-01-01 00:47:07,2022-01-01 00:50:12,2022-01-01 01:09:36,170,50,2.38,1164,14.4,0.0,12.86
2022-01-01 00:37:20,2022-01-01 00:46:22,2022-01-01 01:14:39,97,238,10.24,1697,59.39,0.0,44.22
2022-01-01 00:09:39,2022-01-01 00:15:06,2022-01-01 00:28:25,255,25,4.227,799,23.22,0.0,13.58
2022-01-01 00:19:12,2022-01-01 00:21:54,2022-01-01 00:28:43,226,146,1.51,409,7.91,0.0,6.47
2022-01-01 00:28:10,2022-01-01 00:32:37,2022-01-01 00:55:46,7,198,6.17,1389,26.43,0.0,19.5
2022-01-01 00:48:15,2022-01-01 00:59:21,2022-01-01 01:05:19,198,198,0.94,358,12.78,0.0,12.07
2022-01-01 00:07:52,2022-01-01 00:10:49,2022-01-01 00:21:40,47,169,2.04,651,10.99,0.0,9.35
2022-01-01 00:18:47,2022-01-01 00:27:37,2022-01-01 00:43:47,235,32,4.04,970,17.75,0.0,14.23
2022-01-01 00:42:03,2022-01-01 00:51:28,2022-01-01 01:13:54,174,32,11.88,1346,34.0,0.0,30.52
2022-01-01 00:04:26,2022-01-01 00:10:06,2022-01-01 00:19:54,145,140,2.963,803,12.4,0.0,10.01
2022-01-01 00:24:14,2022-01-01 00:29:38,2022-01-01 00:38:51,125,107,2.104,637,16.3,0.0,7.66
2022-01-01 00:45:43,2022-01-01 00:49:10,2022-01-01 01:23:46,137,35,16.377,2129,29.67,0.0,40.15
2022-01-01 00:11:15,2022-01-01 00:14:26,2022-01-01 00:25:45,255,80,2.13,679,12.03,0.0,9.52
2022-01-01 00:25:43,2022-01-01 00:31:47,2022-01-01 00:42:50,36,255,2.34,663,12.51,0.0,9.62
2022-01-01 00:37:58,2022-01-01 00:45:29,2022-01-01 01:01:58,256,36,2.7,989,16.61,4.0,12.74
2022-01-01 00:29:13,2022-01-01 00:34:26,2022-01-01 00:59:22,113,265,12.05,1496,39.32,0.0,30.39
2022-01-01 00:14:40,2022-01-01 00:18:12,2022-01-01 00:28:58,157,260,2.56,646,10.4,0.0,9.44
2022-01-01 00:28:53,2022-01-01 00:32:18,2022-01-01 00:39:48,260,83,1.73,450,8.58,0.0,6.89
2022-01-01 00:39:26,2022-01-01 00:46:53,2022-01-01 01:01:57,82,146,3.24,904,17.01,0.0,12.36
2022-01-01 00:43:57,2022-01-01 00:47:49,2022-01-01 01:02:42,229,144,3.3,893,14.07,0.0,11.48
2022-01-01 00:16:42,2022-01-01 00:19:46,2022-01-01 00:29:03,224,164,1.12,557,11.4,0.0,8.18
2022-01-01 00:29:55,2022-01-01 00:33:33,2022-01-01 00:55:07,234,48,2.02,1294,14.83,3.0,15.19
2022-01-01 00:02:57,2022-01-01 00:08:15,2022-01-01 00:26:34,256,256,3.47,1124,35.84,0.0,24.15
2022-01-01 00:16:00,2022-01-01 00:20:19,2022-01-01 00:38:26,72,97,4.2,1087,17.23,0.0,14.86
2022-01-01 00:41:00,2022-01-01 00:46:08,2022-01-01 01:03:17,65,80,4.79,1029,31.83,0.0,32.99
2022-01-01 00:28:07,2022-01-01 00:31:32,2022-01-01 00:42:20,164,114,1.63,648,8.92,0.0,7.22
2022-01-01 00:39:31,2022-01-01 00:45:43,2022-01-01 01:14:03,249,181,8.96,1700,32.81,7.89,24.12
2022-01-01 00:35:20,2022-01-01 00:37:34,2022-01-01 01:12:09,170,48,3.42,2075,16.8,5.22,21.7
2022-01-01 00:01:48,2022-01-01 00:05:25,2022-01-01 00:30:36,14,246,10.15,1511,39.14,0.0,29.33
2022-01-01 00:27:06,2022-01-01 00:34:08,2022-01-01 00:54:10,246,87,5.51,1202,27.5,0.0,19.7
2022-01-01 00:27:54,2022-01-01 00:31:33,2022-01-01 01:18:43,144,265,25.56,2830,72.35,0.0,56.06
2022-01-01 00:28:25,2022-01-01 00:41:07,2022-01-01 01:02:34,142,107,3.11,1287,29.46,0.0,16.01
2022-01-01 00:03:53,2022-01-01 00:07:26,2022-01-01 00:32:15,166,134,14.17,1489,37.38,5.0,29.25
2022-01-01 00:14:12,2022-01-01 00:39:17,2022-01-01 00:57:08,197,205,4.6,1071,20.24,0.0,17.11
2022-01-01 00:17:19,2022-01-01 00:19:31,2022-01-01 00:44:36,158,127,11.097,1507,27.7,6.75,24.94
2022-01-01 00:10:51,2022-01-01 00:13:49,2022-01-01 00:28:48,143,162,2.94,899,15.93,0.0,11.81
2022-01-01 00:37:30,2022-01-01 00:39:50,2022-01-01 00:55:54,162,114,2.53,964,14.51,0.0,11.91
2022-01-01 00:49:10,2022-01-01 00:58:05,2022-01-01 01:16:11,114,237,4.32,1086,34.56,0.0,24.65
2022-01-01 00:21:23,2022-01-01 00:25:29,2022-01-01 00:35:24,113,232,2.11,595,11.96,0.0,8.57
2022-01-01 00:34:10,2022-01-01 00:38:32,2022-01-01 00:50:57,232,13,3.88,745,13.48,6.0,11.77
2022-01-01 00:43:09,2022-01-01 00:54:51,2022-01-01 01:04:21,261,233,5.12,570,29.66,0.0,18.68
2022-01-01 00:10:38,2022-01-01 00:11:48,2022-01-01 00:30:15,246,87,4.98,1107,22.65,0.0,16.54
2022-01-01 00:30:04,2022-01-01 00:36:36,2022-01-01 00:56:08,209,263,6.76,1172,29.59,0.0,20.31
2022-01-01 00:29:36,2022-01-01 00:33:56,2022-01-01 00:48:43,148,226,5.56,887,19.04,0.0,14.6
2022-01-01 00:12:01,2022-01-01 00:13:45,2022-01-01 00:33:52,114,239,5.44,1207,25.77,0.0,17.66
2022-01-01 00:29:00,2022-01-01 00:39:11,2022-01-01 00:58:31,239,179,5.54,1161,42.01,0.0,24.67
2021-12-31 23:55:16,2022-01-01 00:00:28,2022-01-01 00:08:45,247,127,3.49,497,13.45,0.0,9.38
2022-01-01 00:09:32,2022-01-01 00:12:57,2022-01-01 00:18:11,127,136,0.92,314,8.7,0.0,6.77
2022-01-01 00:19:13,2022-01-01 00:23:34,2022-01-01 00:35:52,241,119,3.87,738,17.13,0.0,11.81
2022-01-01 00:35:19,2022-01-01 00:40:56,2022-01-01 01:26:46,119,155,15.25,2750,76.7,0.0,45.7
2022-01-01 00:14:54,2022-01-01 00:18:43,2022-01-01 00:26:53,227,67,1.6,490,7.91,0.0,6.66
2022-01-01 00:24:14,2022-01-01 00:28:21,2022-01-01 00:32:25,67,67,0.91,244,9.49,2.0,6.2
2022-01-01 00:30:59,2022-01-01 00:35:14,2022-01-01 00:43:05,67,14,1.41,471,11.98,0.0,13.79
2022-01-01 00:35:45,2022-01-01 00:46:18,2022-01-01 00:56:50,14,67,1.87,632,25.78,0.0,13.9
2022-01-01 00:53:23,2022-01-01 00:59:38,2022-01-01 01:12:53,67,22,1.91,795,11.88,0.0,10.56
2022-01-01 00:19:53,2022-01-01 00:21:58,2022-01-01 00:29:53,146,260,2.31,475,11.41,0.0,6.88
2022-01-01 00:29:41,2022-01-01 00:36:30,2022-01-01 00:51:56,260,173,2.9,926,13.01,0.0,11.3
2022-01-01 00:45:46,2022-01-01 00:55:24,2022-01-01 01:08:44,173,92,2.52,800,12.99,0.0,9.83
2022-01-01 00:07:25,2022-01-01 00:10:46,2022-01-01 00:23:14,229,151,3.72,748,16.83,0.0,11.69
2022-01-01 00:21:51,2022-01-01 00:24:35,2022-01-01 00:39:06,151,141,3.05,871,15.8,4.08,11.98
2022-01-01 00:38:23,2022-01-01 00:43:40,2022-01-01 01:04:10,236,249,4.31,1230,25.89,0.0,19.37
2022-01-01 00:15:57,2022-01-01 00:18:04,2022-01-01 00:37:33,255,231,3.92,1169,18.47,0.0,16.34
2022-01-01 00:33:15,2022-01-01 00:42:43,2022-01-01 00:54:16,13,113,1.9,693,11.86,0.0,10.11
2022-01-01 00:50:38,2022-01-01 00:57:22,2022-01-01 01:05:23,114,107,1.16,481,16.42,0.0,13.41
2022-01-01 00:04:52,2022-01-01 00:08:56,2022-01-01 00:19:19,238,152,3.351,623,10.56,0.0,8.94
2022-01-01 00:09:47,2022-01-01 00:18:20,2022-01-01 00:29:39,168,212,4.37,679,14.89,0.0,12.55
2022-01-01 00:24:26,2022-01-01 00:30:49,2022-01-01 00:51:44,212,48,11.92,1255,38.87,0.0,27.19
2022-01-01 00:16:50,2022-01-01 00:25:12,2022-01-01 00:54:22,75,37,11.814,1930,36.09,0.0,29.27
2022-01-01 00:46:56,2022-01-01 00:57:02,2022-01-01 01:04:38,36,37,1.145,456,8.01,0.0,9.09
2022-01-01 00:10:09,2022-01-01 00:13:38,2022-01-01 00:38:12,114,74,7.983,1474,25.93,0.0,21.21
2022-01-01 00:38:03,2022-01-01 00:43:46,2022-01-01 00:55:43,74,237,3.038,717,17.91,0.0,9.38
2022-01-01 00:21:39,2022-01-01 00:27:17,2022-01-01 00:46:44,79,140,3.4,1167,17.01,0.0,15.28
2022-01-01 00:45:37,2022-01-01 00:53:56,2022-01-01 01:02:26,263,170,2.09,510,12.31,0.0,8.33
2022-01-01 00:31:39,2022-01-01 00:34:19,2022-01-01 01:00:50,107,121,12.75,1591,33.54,0.0,28.62
2022-01-01 00:27:55,2022-01-01 00:34:44,2022-01-01 00:40:15,256,255,0.88,331,7.12,0.0,6.18
2022-01-01 00:35:51,2022-01-01 00:43:47,2022-01-01 01:02:48,256,13,4.42,1141,25.89,6.34,15.21
2022-01-01 00:33:48,2022-01-01 00:39:29,2022-01-01 00:57:50,114,148,1.87,1101,20.57,0.0,20.93
2022-01-01 00:12:58,2022-01-01 00:16:47,2022-01-01 00:28:58,145,140,3.14,731,13.21,0.0,11.51
2022-01-01 00:30:40,2022-01-01 00:33:29,2022-01-01 00:42:19,140,74,2.7,530,10.7,0.0,9.33
2022-01-01 00:01:50,2022-01-01 00:06:04,2022-01-01 00:40:05,189,247,16.56,2041,43.28,0.0,36.94
2022-01-01 00:38:50,2022-01-01 00:47:10,2022-01-01 01:04:09,69,116,5.5,1019,18.94,0.0,18.7
2022-01-01 00:21:10,2022-01-01 00:23:36,2022-01-01 00:40:44,164,161,1.54,1028,10.79,0.0,10.8
2022-01-01 00:22:48,2022-01-01 00:24:08,2022-01-01 00:31:11,114,148,1.02,423,7.91,0.0,7.9
2022-01-01 00:33:55,2022-01-01 00:40:46,2022-01-01 01:03:26,232,68,4.02,1360,16.26,3.0,17.31
2022-01-01 00:13:41,2022-01-01 00:18:32,2022-01-01 00:33:46,77,39,3.64,914,18.37,0.0,12.59
2022-01-01 00:41:22,2022-01-01 00:44:11,2022-01-01 00:52:32,39,76,2.26,501,8.91,0.0,8.86
2022-01-01 00:53:32,2022-01-01 00:59:58,2022-01-01 01:12:42,77,258,2.95,764,14.7,0.0,11.83
2022-01-01 00:12:51,2022-01-01 00:15:50,2022-01-01 00:31:40,249,33,3.71,950,16.64,0.0,13.08
2022-01-01 00:29:00,2022-01-01 00:38:11,2022-01-01 01:15:17,66,246,7.18,2226,127.16,0.0,70.96
2022-01-01 00:00:46,2022-01-01 00:05:52,2022-01-01 00:11:38,193,146,1.21,346,7.91,0.0,7.13
2022-01-01 00:22:47,2022-01-01 00:23:33,2022-01-01 00:41:21,229,179,4.11,1068,18.73,3.55,15.2
2022-01-01 00:41:08,2022-01-01 00:45:43,2022-01-01 00:51:36,7,7,0.61,353,8.8,0.0,7.8
2022-01-01 00:52:01,2022-01-01 00:56:00,2022-01-01 01:02:56,7,226,1.25,416,7.91,5.0,7.12
2021-12-31 23:58:49,2022-01-01 00:04:05,2022-01-01 00:12:48,249,90,1.449,724,10.7,0.0,7.66
2022-01-01 00:38:04,2022-01-01 00:57:38,2022-01-01 01:09:05,163,170,1.655,687,17.19,3.3,7.59
2022-01-01 00:28:18,2022-01-01 00:32:24,2022-01-01 00:46:02,233,107,1.79,818,12.67,0.0,13.03
2022-01-01 00:41:36,2022-01-01 00:50:04,2022-01-01 01:11:53,234,255,7.24,1309,24.06,0.0,23.67
2022-01-01 00:10:03,2022-01-01 00:15:15,2022-01-01 00:34:13,142,48,1.3,1138,15.43,0.0,12.55
2022-01-01 00:35:12,2022-01-01 00:37:41,2022-01-01 00:51:01,48,234,1.5,800,26.06,0.0,15.7
2022-01-01 00:47:04,2022-01-01 00:53:18,2022-01-01 01:00:06,234,107,0.93,408,7.17,0.0,6.98
2022-01-01 00:06:38,2022-01-01 00:15:35,2022-01-01 00:36:49,256,198,4.458,1574,18.77,0.0,18.13
2022-01-01 00:31:46,2022-01-01 00:39:55,2022-01-01 01:05:13,198,91,5.608,1518,24.88,0.0,18.94
2022-01-01 00:16:30,2022-01-01 00:19:41,2022-01-01 00:42:40,36,228,8.52,1379,30.43,0.0,21.91
2022-01-01 00:43:00,2022-01-01 00:47:28,2022-01-01 01:12:20,228,37,6.93,1492,26.14,5.84,22.35
2022-01-01 00:17:10,2022-01-01 00:19:45,2022-01-01 00:24:39,162,161,0.77,294,7.19,3.0,6.9
2022-01-01 00:25:53,2022-01-01 00:39:02,2022-01-01 01:02:45,161,13,6.64,1423,30.01,0.0,22.74
2022-01-01 00:37:20,2022-01-01 00:43:21,2022-01-01 00:54:24,10,56,6.802,663,16.97,0.0,13.1
2022-01-01 00:49:14,2022-01-01 00:55:55,2022-01-01 01:12:14,114,13,2.6,979,24.22,0.0,32.09
2022-01-01 00:05:18,2022-01-01 00:08:06,2022-01-01 00:30:48,79,135,12.079,1362,34.52,9.0,24.82
2022-01-01 00:29:22,2022-01-01 00:34:36,2022-01-01 00:54:26,135,63,7.694,1249,16.8,0.0,19.0
2022-01-01 00:39:56,2022-01-01 00:56:24,2022-01-01 01:28:42,63,89,6.697,1938,30.16,0.0,23.66
2021-12-31 23:57:02,2022-01-01 00:01:41,2022-01-01 00:32:38,114,265,16.78,1857,47.0,0.0,36.34
2022-01-01 00:54:20,2022-01-01 00:57:23,2022-01-01 01:33:07,50,17,7.67,2144,60.14,7.0,34.06
2022-01-01 00:23:13,2022-01-01 00:25:04,2022-01-01 00:45:18,107,151,6.35,1214,24.61,3.0,18.0
2022-01-01 00:42:12,2022-01-01 00:48:52,2022-01-01 00:57:54,238,152,2.46,542,10.21,5.0,8.09
2022-01-01 00:51:41,2022-01-01 00:59:19,2022-01-01 01:11:18,152,247,2.34,719,21.44,0.0,13.18
2022-01-01 00:11:32,2022-01-01 00:15:15,2022-01-01 00:34:29,158,238,5.66,1154,26.36,0.0,19.79
2022-01-01 00:31:28,2022-01-01 00:36:08,2022-01-01 00:58:51,43,185,12.29,1363,40.0,0.0,30.0
2022-01-01 00:41:18,2022-01-01 00:43:06,2022-01-01 01:04:12,211,143,4.38,1266,33.76,0.0,28.66
2022-01-01 00:16:28,2022-01-01 00:20:23,2022-01-01 00:35:17,89,61,3.54,894,17.5,0.0,11.97
2022-01-01 00:33:20,2022-01-01 00:42:34,2022-01-01 01:11:26,225,263,11.06,1886,36.38,0.0,29.96
2022-01-01 00:33:56,2022-01-01 00:39:29,2022-01-01 00:51:37,50,68,2.468,728,20.66,0.0,10.18
2022-01-01 00:44:40,2022-01-01 00:57:05,2022-01-01 01:10:41,68,50,2.354,914,12.06,0.0,10.27
2022-01-01 00:08:55,2022-01-01 00:14:15,2022-01-01 00:34:57,231,239,5.395,1242,19.79,0.0,16.39
2022-01-01 00:32:16,2022-01-01 00:40:33,2022-01-01 01:19:48,143,37,8.042,2355,52.69,0.0,28.65
2022-01-01 00:15:58,2022-01-01 00:18:31,2022-01-01 00:25:38,113,144,1.11,427,7.91,0.0,6.54
2022-01-01 00:22:42,2022-01-01 00:30:02,2022-01-01 00:46:40,114,229,3.091,998,19.81,0.0,13.5
2022-01-01 00:43:05,2022-01-01 00:51:22,2022-01-01 01:10:35,237,48,3.894,1153,13.89,0.0,16.11
2022-01-01 00:27:41,2022-01-01 00:39:13,2022-01-01 01:15:40,231,143,8.35,2187,79.58,0.0,65.68
2022-01-01 00:12:15,2022-01-01 00:15:57,2022-01-01 00:31:33,97,257,3.18,936,16.3,0.0,12.97
2022-01-01 00:26:16,2022-01-01 00:35:02,2022-01-01 00:41:18,257,228,1.91,376,8.27,0.0,7.02
2022-01-01 00:38:58,2022-01-01 00:49:24,2022-01-01 01:01:26,257,17,4.1,722,27.84,10.0,14.2
2022-01-01 00:09:33,2022-01-01 00:28:58,2022-01-01 00:43:12,163,157,4.94,854,22.85,4.24,12.95
2022-01-01 00:40:57,2022-01-01 00:47:47,2022-01-01 01:05:59,157,131,10.17,1092,31.7,0.0,22.21
2022-01-01 00:00:08,2022-01-01 00:02:17,2022-01-01 00:11:58,75,42,3.75,581,11.49,0.0,9.96
2022-01-01 00:16:05,2022-01-01 00:19:56,2022-01-01 00:40:43,166,265,10.89,1247,32.63,0.0,25.29
2022-01-01 00:02:56,2022-01-01 00:05:58,2022-01-01 00:10:57,74,75,1.1,299,7.51,10.0,5.96
2022-01-01 00:26:47,2022-01-01 00:29:24,2022-01-01 00:41:05,61,188,1.9,701,11.24,0.0,8.64
2022-01-01 00:36:17,2022-01-01 00:43:55,2022-01-01 00:52:19,72,188,1.84,504,9.9,0.0,6.93
2022-01-01 00:46:00,2022-01-01 00:55:50,2022-01-01 01:15:53,188,37,4.01,1203,28.9,0.0,16.93
2022-01-01 00:09:34,2022-01-01 00:11:06,2022-01-01 00:26:34,256,225,3.228,928,18.13,0.0,11.35
2022-01-01 00:17:48,2022-01-01 00:20:20,2022-01-01 00:43:43,79,50,3.6,1403,21.27,5.31,16.6
2022-01-01 00:41:34,2022-01-01 00:48:00,2022-01-01 01:12:21,50,25,5.94,1461,32.19,0.0,25.68
2022-01-01 00:39:16,2022-01-01 00:43:38,2022-01-01 00:52:00,107,79,1.22,502,7.91,5.0,6.5
2022-01-01 00:49:37,2022-01-01 00:55:46,2022-01-01 01:03:47,79,90,1.64,481,21.77,0.0,11.3
2022-01-01 00:32:06,2022-01-01 00:35:05,2022-01-01 01:04:46,170,20,12.58,1781,37.14,0.0,29.28
2022-01-01 00:08:07,2022-01-01 00:11:16,2022-01-01 00:26:13,71,188,2.15,897,13.82,0.0,10.83
2022-01-01 00:23:25,2022-01-01 00:29:34,2022-01-01 01:01:11,188,262,11.65,1897,41.02,0.0,29.67
2022-01-01 00:22:36,2022-01-01 00:31:39,2022-01-01 00:54:52,66,79,4.82,1393,32.33,0.0,32.47
2022-01-01 00:25:27,2022-01-01 00:28:37,2022-01-01 00:48:27,112,189,5.28,1190,21.97,0.0,16.11
2022-01-01 00:42:59,2022-01-01 00:49:32,2022-01-01 01:09:48,189,189,1.44,1216,13.92,0.0,16.84
2022-01-01 00:13:39,2022-01-01 00:17:24,2022-01-01 00:37:49,61,89,4.24,1225,20.37,0.0,16.02
2022-01-01 00:34:13,2022-01-01 00:40:30,2022-01-01 00:56:05,89,14,7.36,935,29.86,0.0,17.03
2022-01-01 00:26:40,2022-01-01 00:30:12,2022-01-01 00:34:30,68,50,0.7,258,17.6,0.0,11.6
2022-01-01 00:41:02,2022-01-01 00:44:21,2022-01-01 01:08:41,50,148,4.43,1460,32.72,0.0,39.14
2022-01-01 00:01:07,2022-01-01 00:07:20,2022-01-01 00:34:07,234,161,2.198,1877,12.65,0.0,18.16
2022-01-01 00:51:08,2022-01-01 00:55:20,2022-01-01 01:10:16,107,141,3.654,959,15.14,0.0,14.14
2022-01-01 00:09:58,2022-01-01 00:14:05,2022-01-01 00:25:51,157,7,2.82,706,12.59,0.0,10.18
2022-01-01 00:23:44,2022-01-01 00:34:55,2022-01-01 01:02:57,129,237,8.76,1682,35.34,2.0,27.38
2022-01-01 00:13:39,2022-01-01 00:17:08,2022-01-01 00:37:53,256,14,9.304,1245,24.85,0.0,20.75
2022-01-01 00:32:02,2022-01-01 00:40:53,2022-01-01 01:03:51,14,61,7.622,1378,24.92,0.0,20.0
2022-01-01 00:07:33,2022-01-01 00:09:49,2022-01-01 00:24:49,114,226,6.31,900,23.88,9.0,16.19
2022-01-01 00:24:56,2022-01-01 00:35:13,2022-01-01 00:54:53,260,73,7.58,1180,25.2,0.0,19.93
2022-01-01 00:49:02,2022-01-01 00:58:22,2022-01-01 01:07:59,73,252,2.55,577,11.91,0.0,9.34
2022-01-01 00:10:03,2022-01-01 00:13:59,2022-01-01 00:38:34,238,79,7.926,1585,25.18,0.0,22.07
2022-01-01 00:38:55,2022-01-01 00:43:22,2022-01-01 00:53:16,4,107,1.512,594,9.8,0.0,6.65
2022-01-01 00:53:59,2022-01-01 00:59:55,2022-01-01 01:20:14,234,25,4.192,1280,25.01,0.0,19.47
2022-01-01 00:08:46,2022-01-01 00:14:08,2022-01-01 00:42:04,114,163,3.85,1676,31.39,0.0,31.56
2022-01-01 00:48:38,2022-01-01 00:53:07,2022-01-01 01:07:38,170,4,2.77,872,11.83,0.0,11.58
2022-01-01 00:25:17,2022-01-01 00:32:42,2022-01-01 00:53:27,169,147,3.47,1245,28.89,0.0,16.34
2022-01-01 00:50:21,2022-01-01 00:55:44,2022-01-01 00:58:31,159,147,0.43,167,11.87,0.0,11.8
2022-01-01 00:02:58,2022-01-01 00:10:38,2022-01-01 00:34:40,161,209,3.915,1442,18.6,0.0,16.42
2022-01-01 00:34:41,2022-01-01 00:44:38,2022-01-01 01:00:51,13,50,4.075,978,23.48,0.0,12.71
2022-01-01 00:19:18,2022-01-01 00:22:50,2022-01-01 00:38:39,74,47,6.2,949,20.14,0.0,16.36
2022-01-01 00:34:18,2022-01-01 00:40:36,2022-01-01 00:46:31,47,78,0.91,355,11.08,0.0,9.23
2022-01-01 00:52:02,2022-01-01 00:53:18,2022-01-01 01:04:43,78,213,2.97,685,17.85,0.0,15.84
2021-12-31 23:59:33,2022-01-01 00:03:07,2022-01-01 00:07:25,79,107,0.985,336,7.37,0.0,5.47
2022-01-01 00:41:28,2022-01-01 00:47:22,2022-01-01 01:00:59,113,246,2.246,817,12.73,0.0,9.33
2022-01-01 00:16:48,2022-01-01 00:21:15,2022-01-01 00:45:54,56,228,13.84,1479,32.38,3.0,29.03
2022-01-01 00:43:40,2022-01-01 00:49:10,2022-01-01 01:07:18,228,89,3.55,1088,18.55,2.07,14.42
2022-01-01 00:10:25,2022-01-01 00:13:13,2022-01-01 00:27:00,116,147,4.12,827,16.61,0.0,12.4
2022-01-01 00:22:41,2022-01-01 00:30:10,2022-01-01 00:39:24,147,159,1.34,554,9.71,0.0,7.05
2022-01-01 00:34:54,2022-01-01 00:43:12,2022-01-01 00:51:18,159,168,1.45,486,8.7,0.0,7.85
2022-01-01 00:44:53,2022-01-01 00:53:32,2022-01-01 00:55:37,168,168,0.38,125,23.77,0.0,14.0
2022-01-01 00:26:01,2022-01-01 00:28:03,2022-01-01 00:37:12,79,170,1.6,549,8.47,0.0,6.61
2022-01-01 00:41:21,2022-01-01 00:43:39,2022-01-01 00:57:10,164,125,2.06,811,10.61,1.0,9.31
2022-01-01 00:23:11,2022-01-01 00:27:45,2022-01-01 00:46:23,234,87,3.17,1118,19.56,0.0,13.56
2022-01-01 00:40:37,2022-01-01 00:49:31,2022-01-01 01:04:15,87,164,4.82,884,29.66,0.0,16.93
2022-01-01 00:33:44,2022-01-01 00:45:51,2022-01-01 01:15:49,170,265,6.0,1798,27.92,0.0,24.65
2022-01-01 00:50:36,2022-01-01 00:55:11,2022-01-01 01:08:03,156,265,7.84,772,57.54,15.96,28.61
2022-01-01 00:36:44,2022-01-01 00:43:37,2022-01-01 00:59:43,45,145,5.62,966,39.03,0.0,22.07
2022-01-01 00:06:22,2022-01-01 00:09:40,2022-01-01 00:18:55,79,87,3.57,555,13.25,3.0,10.3
2022-01-01 00:17:04,2022-01-01 00:22:40,2022-01-01 00:33:28,87,114,2.14,648,12.59,0.0,9.5
2022-01-01 00:32:44,2022-01-01 00:40:18,2022-01-01 00:53:45,211,170,2.25,807,13.69,0.0,10.96
2022-01-01 00:52:25,2022-01-01 00:55:41,2022-01-01 01:18:21,164,164,4.72,1360,28.9,0.0,18.31
2022-01-01 00:27:58,2022-01-01 00:33:23,2022-01-01 00:54:09,232,181,7.19,1246,25.18,0.0,19.01
2022-01-01 00:50:36,2022-01-01 00:57:59,2022-01-01 01:42:25,181,236,18.26,2666,66.02,0.0,43.1
2022-01-01 00:07:30,2022-01-01 00:09:50,2022-01-01 00:32:58,49,76,4.94,1388,22.15,0.0,17.51
2022-01-01 00:30:32,2022-01-01 00:35:52,2022-01-01 01:07:23,76,265,16.83,1891,47.39,0.0,38.58
2022-01-01 00:19:51,2022-01-01 00:27:08,2022-01-01 00:50:11,97,35,5.328,1383,22.34,0.0,17.49
2022-01-01 00:20:05,2022-01-01 00:25:09,2022-01-01 00:47:39,198,129,5.01,1350,24.07,0.0,18.4
2022-01-01 00:43:51,2022-01-01 00:51:23,2022-01-01 01:02:36,129,7,2.34,673,11.24,0.0,9.79
2022-01-01 00:05:16,2022-01-01 00:07:40,2022-01-01 00:12:35,107,107,0.677,297,8.73,0.0,5.47
2022-01-01 00:35:23,2022-01-01 00:38:03,2022-01-01 00:55:56,249,142,4.089,1073,15.73,0.0,13.52
2022-01-01 00:54:14,2022-01-01 00:59:54,2022-01-01 01:18:04,142,107,3.381,1090,22.31,0.0,18.64
2021-12-31 23:57:02,2022-01-01 00:00:18,2022-01-01 00:27:30,50,164,2.02,1632,20.31,0.0,18.29
2022-01-01 00:29:55,2022-01-01 00:37:17,2022-01-01 00:57:37,164,68,2.14,1221,15.5,0.0,15.04
2022-01-01 00:49:35,2022-01-01 00:59:27,2022-01-01 01:15:33,68,107,1.9,966,28.92,0.0,16.55
2022-01-01 00:23:03,2022-01-01 00:25:24,2022-01-01 00:41:21,164,209,3.11,957,16.62,4.12,13.15
2022-01-01 00:36:24,2022-01-01 00:44:55,2022-01-01 00:58:26,87,170,4.8,811,22.92,8.27,13.8
2022-01-01 00:27:26,2022-01-01 00:32:12,2022-01-01 00:40:15,262,236,1.465,549,10.93,0.0,6.22
2022-01-01 00:35:48,2022-01-01 00:41:38,2022-01-01 00:52:18,237,239,1.575,640,8.75,3.0,7.11
2022-01-01 00:36:53,2022-01-01 00:53:35,2022-01-01 00:57:57,239,151,1.484,262,10.69,0.0,5.47
2022-01-01 00:54:44,2022-01-01 00:59:32,2022-01-01 01:07:51,246,50,1.28,499,13.81,0.0,21.72
2022-01-01 00:28:18,2022-01-01 00:35:05,2022-01-01 00:55:20,114,48,3.766,1275,17.07,0.0,14.86
2022-01-01 00:02:29,2022-01-01 00:03:25,2022-01-01 00:13:12,161,239,2.15,587,12.73,2.0,7.3
2022-01-01 00:37:12,2022-01-01 00:45:12,2022-01-01 00:59:51,161,137,2.526,977,14.51,2.0,10.99
2022-01-01 00:08:15,2022-01-01 00:13:56,2022-01-01 00:25:00,70,92,2.48,664,10.45,3.0,9.8
2022-01-01 00:23:16,2022-01-01 00:26:11,2022-01-01 01:08:13,92,14,24.84,2523,64.06,0.0,50.02
2022-01-01 00:14:27,2022-01-01 00:22:30,2022-01-01 00:26:36,129,129,0.66,246,7.91,1.0,6.22
2022-01-01 00:26:52,2022-01-01 00:29:01,2022-01-01 00:33:07,129,129,0.5,246,7.12,1.0,6.22
2022-01-01 00:30:59,2022-01-01 00:34:05,2022-01-01 00:46:00,129,7,2.55,715,13.45,0.0,9.62
2022-01-01 00:41:33,2022-01-01 00:49:50,2022-01-01 01:13:00,7,24,6.68,1390,27.83,0.0,19.82
2022-01-01 00:06:18,2022-01-01 00:08:58,2022-01-01 00:27:25,249,145,4.63,1107,20.13,0.0,15.53
2022-01-01 00:26:03,2022-01-01 00:27:43,2022-01-01 00:45:17,145,88,8.01,1054,27.8,0.0,18.82
2022-01-01 00:43:02,2022-01-01 00:49:05,2022-01-01 01:14:17,88,68,4.26,1512,40.69,0.0,23.54
2022-01-01 00:10:55,2022-01-01 00:16:30,2022-01-01 00:25:36,145,226,1.73,546,11.27,3.0,8.67
2022-01-01 00:29:17,2022-01-01 00:39:00,2022-01-01 01:03:37,157,265,15.48,1477,52.13,0.0,39.07
2022-01-01 00:05:48,2022-01-01 00:13:31,2022-01-01 00:28:39,132,215,6.21,908,21.02,5.0,15.25
2022-01-01 00:27:16,2022-01-01 00:34:27,2022-01-01 01:04:39,205,61,12.35,1812,35.98,0.0,29.59
2022-01-01 00:24:57,2022-01-01 00:29:08,2022-01-01 00:35:22,113,90,1.04,374,7.91,0.0,8.1
2022-01-01 00:43:39,2022-01-01 00:47:59,2022-01-01 01:14:59,90,198,8.37,1620,33.09,4.71,25.48
2022-01-01 00:47:57,2022-01-01 00:53:28,2022-01-01 01:09:38,144,140,6.54,970,37.98,0.0,28.91
2022-01-01 00:17:57,2022-01-01 00:21:52,2022-01-01 01:05:44,48,205,24.738,2712,45.99,0.0,50.17
2022-01-01 00:25:20,2022-01-01 00:31:45,2022-01-01 00:36:38,41,41,0.72,293,8.38,0.0,8.16
2022-01-01 00:33:35,2022-01-01 00:40:23,2022-01-01 00:51:32,24,42,2.24,669,11.84,0.0,10.48
2022-01-01 00:49:33,2022-01-01 00:56:17,2022-01-01 01:17:03,42,213,8.59,1246,28.73,0.0,26.31
2022-01-01 00:00:16,2022-01-01 00:07:43,2022-01-01 00:16:55,235,127,1.41,552,9.73,0.0,10.19
2022-01-01 00:16:04,2022-01-01 00:20:23,2022-01-01 00:31:51,127,169,2.25,688,11.46,0.0,11.65
2022-01-01 00:27:45,2022-01-01 00:32:47,2022-01-01 00:43:16,169,127,1.76,629,12.45,3.0,11.63
2022-01-01 00:40:35,2022-01-01 00:50:39,2022-01-01 01:04:18,136,78,2.6,819,13.75,0.0,14.15
2022-01-01 00:00:26,2022-01-01 00:02:11,2022-01-01 00:12:31,79,107,1.8,620,9.36,0.0,7.63
2022-01-01 00:12:42,2022-01-01 00:14:50,2022-01-01 00:19:59,107,164,0.75,309,8.04,0.0,5.95
2022-01-01 00:31:58,2022-01-01 00:34:04,2022-01-01 00:48:06,79,87,2.91,842,14.91,0.0,10.7
2022-01-01 00:47:25,2022-01-01 00:51:38,2022-01-01 01:06:58,87,164,4.91,920,25.64,0.0,19.07
2021-12-31 23:58:55,2022-01-01 00:01:34,2022-01-01 00:39:06,170,265,27.041,2270,66.59,0.0,52.72
2022-01-01 00:15:12,2022-01-01 00:17:37,2022-01-01 00:22:22,37,80,1.0,285,7.91,0.0,7.15
2022-01-01 00:27:07,2022-01-01 00:32:18,2022-01-01 00:35:42,255,255,0.58,204,9.44,0.0,8.55
2022-01-01 00:33:08,2022-01-01 00:39:51,2022-01-01 00:49:34,256,49,2.47,583,15.91,0.0,10.38
2022-01-01 00:42:07,2022-01-01 00:52:28,2022-01-01 01:08:26,49,37,2.55,958,18.8,0.0,16.39
2022-01-01 00:03:58,2022-01-01 00:08:06,2022-01-01 00:24:06,7,82,3.45,960,18.32,0.0,13.06
2022-01-01 00:21:25,2022-01-01 00:26:26,2022-01-01 00:46:55,82,225,6.17,1229,21.8,3.0,18.31
2022-01-01 00:42:16,2022-01-01 00:48:50,2022-01-01 00:59:31,225,61,2.04,641,9.9,0.0,8.84
2022-01-01 00:12:13,2022-01-01 00:15:03,2022-01-01 00:26:31,107,141,2.818,688,13.62,0.0,8.89
2022-01-01 00:32:04,2022-01-01 00:33:59,2022-01-01 01:32:09,162,1,18.199,3490,53.25,15.77,53.56
2022-01-01 00:09:14,2022-01-01 00:15:59,2022-01-01 00:24:26,17,17,1.228,508,6.61,0.0,5.62
2022-01-01 00:25:50,2022-01-01 00:30:03,2022-01-01 00:36:11,49,17,0.916,368,7.51,0.0,5.47
2022-01-01 00:36:13,2022-01-01 00:40:51,2022-01-01 01:17:25,17,48,9.788,2194,25.77,0.0,29.24
2022-01-01 00:04:16,2022-01-01 00:06:53,2022-01-01 00:17:14,242,208,3.73,621,13.99,0.0,9.82
2022-01-01 00:25:20,2022-01-01 00:31:08,2022-01-01 00:41:59,208,126,4.32,651,22.31,0.0,13.46
2022-01-01 00:39:52,2022-01-01 00:48:49,2022-01-01 01:00:34,126,20,2.77,705,15.47,0.0,10.7
2022-01-01 00:14:35,2022-01-01 00:17:12,2022-01-01 00:40:20,66,88,4.36,1388,10.11,0.0,18.5
2022-01-01 00:36:05,2022-01-01 00:48:44,2022-01-01 01:06:48,87,80,5.72,1084,32.35,0.0,19.45
2022-01-01 00:04:04,2022-01-01 00:06:20,2022-01-01 00:28:12,87,164,4.65,1312,21.48,0.0,17.21
2022-01-01 00:45:26,2022-01-01 00:51:39,2022-01-01 01:04:38,249,33,3.45,779,23.66,0.0,13.17
2022-01-01 00:03:16,2022-01-01 00:10:46,2022-01-01 00:21:57,213,168,3.757,914,14.25,0.0,11.83
2022-01-01 00:24:19,2022-01-01 00:32:34,2022-01-01 00:38:36,159,167,1.075,362,10.45,0.0,7.07
2022-01-01 00:35:25,2022-01-01 00:44:51,2022-01-01 01:36:39,167,6,27.648,3108,106.63,0.0,65.46
2022-01-01 00:25:05,2022-01-01 00:31:31,2022-01-01 00:48:11,79,33,5.24,1000,19.63,0.0,15.94
2022-01-01 00:44:43,2022-01-01 00:50:57,2022-01-01 01:05:03,52,225,4.47,846,20.12,0.0,24.8
2022-01-01 00:11:46,2022-01-01 00:16:36,2022-01-01 00:26:27,60,250,2.39,591,11.1,0.0,8.19
2022-01-01 00:22:17,2022-01-01 00:30:29,2022-01-01 00:44:36,242,259,4.96,847,20.92,0.0,13.18
2022-01-01 00:39:17,2022-01-01 00:49:01,2022-01-01 00:57:48,81,265,2.59,527,14.71,0.0,13.02
2022-01-01 00:03:31,2022-01-01 00:07:44,2022-01-01 00:20:51,170,186,1.254,911,10.88,5.0,9.02
2022-01-01 00:05:46,2022-01-01 00:08:39,2022-01-01 00:24:16,112,144,4.46,937,19.75,2.45,14.44
2022-01-01 00:25:42,2022-01-01 00:28:30,2022-01-01 00:36:50,144,261,1.82,500,9.83,0.0,7.88
2022-01-01 00:34:16,2022-01-01 00:38:49,2022-01-01 01:02:24,261,48,4.65,1415,22.68,0.0,18.65
2022-01-01 00:09:54,2022-01-01 00:15:17,2022-01-01 00:24:53,255,33,3.833,658,14.46,0.0,9.76
2022-01-01 00:21:38,2022-01-01 00:29:51,2022-01-01 00:49:42,33,88,4.223,1387,11.43,0.0,16.3
2022-01-01 00:46:43,2022-01-01 00:57:30,2022-01-01 01:12:49,87,234,3.111,990,32.21,0.0,16.84
2022-01-01 00:05:06,2022-01-01 00:09:38,2022-01-01 00:22:25,140,151,3.157,927,14.28,0.0,11.26
2022-01-01 00:19:55,2022-01-01 00:26:42,2022-01-01 00:37:44,151,75,1.942,662,14.29,0.0,7.69
2022-01-01 00:43:20,2022-01-01 00:46:00,2022-01-01 01:00:32,236,137,4.579,872,21.6,0.0,12.39
2022-01-01 00:00:37,2022-01-01 00:02:28,2022-01-01 00:20:16,198,17,3.02,1068,16.17,0.0,13.68
2022-01-01 00:21:19,2022-01-01 00:25:54,2022-01-01 00:34:31,17,36,1.52,517,8.56,0.0,7.42
2022-01-01 00:34:01,2022-01-01 00:39:50,2022-01-01 00:55:48,36,61,3.51,958,17.37,0.0,13.3
2022-01-01 00:27:14,2022-01-01 00:30:09,2022-01-01 01:02:16,75,62,11.53,1927,41.55,4.51,30.69
2022-01-01 00:23:26,2022-01-01 00:26:52,2022-01-01 00:45:54,234,161,1.53,1142,20.86,0.0,21.46
2022-01-01 00:46:22,2022-01-01 00:49:55,2022-01-01 01:09:36,161,255,6.59,1181,67.03,11.66,50.68
2022-01-01 00:40:20,2022-01-01 00:49:16,2022-01-01 01:10:00,141,244,10.407,1244,23.46,0.0,21.97
2022-01-01 00:03:48,2022-01-01 00:05:58,2022-01-01 00:25:11,87,75,8.83,1153,28.1,8.28,21.06
2022-01-01 00:24:57,2022-01-01 00:30:41,2022-01-01 00:53:32,75,18,7.53,1371,26.01,4.36,21.45
2022-01-01 00:46:34,2022-01-01 00:59:19,2022-01-01 01:14:10,240,169,3.25,891,19.31,0.0,14.47
2022-01-01 00:17:34,2022-01-01 00:21:03,2022-01-01 00:27:58,112,112,1.8,415,8.79,0.0,6.15
2022-01-01 00:27:01,2022-01-01 00:33:00,2022-01-01 00:50:56,112,36,3.17,1076,16.3,4.0,13.19
2022-01-01 00:42:30,2022-01-01 00:55:46,2022-01-01 01:29:24,36,24,13.53,2018,52.6,15.0,32.5
2022-01-01 00:07:26,2022-01-01 00:12:39,2022-01-01 00:21:20,114,107,1.24,521,9.33,0.0,7.59
2022-01-01 00:33:26,2022-01-01 00:43:48,2022-01-01 00:49:19,234,107,0.8,331,9.44,3.0,7.23
2022-01-01 00:23:13,2022-01-01 00:28:38,2022-01-01 00:40:29,148,261,3.88,711,13.06,5.0,10.57
2022-01-01 00:37:30,2022-01-01 00:41:55,2022-01-01 00:56:25,261,265,4.28,870,47.12,0.0,26.26
2022-01-01 00:08:47,2022-01-01 00:12:18,2022-01-01 00:29:57,145,255,3.13,1059,15.9,0.0,14.45
2022-01-01 00:28:07,2022-01-01 00:33:17,2022-01-01 00:50:48,255,181,7.12,1051,25.39,0.0,18.78
2022-01-01 00:45:08,2022-01-01 00:52:19,2022-01-01 00:58:18,181,40,1.28,359,9.49,0.0,10.53
2022-01-01 00:53:40,2022-01-01 00:59:42,2022-01-01 01:02:16,40,106,0.72,154,14.88,1.0,8.78
2022-01-01 00:04:59,2022-01-01 00:11:20,2022-01-01 00:18:48,195,40,1.09,448,9.44,0.0,7.32
2022-01-01 00:17:48,2022-01-01 00:24:39,2022-01-01 00:38:32,52,232,4.08,833,17.55,0.0,13.69
2022-01-01 00:34:21,2022-01-01 00:47:41,2022-01-01 00:57:12,209,148,1.25,571,11.19,0.0,9.9
2021-12-31 23:59:31,2022-01-01 00:03:49,2022-01-01 00:15:43,244,159,2.6,714,14.92,0.0,10.1
2022-01-01 00:16:35,2022-01-01 00:20:47,2022-01-01 00:32:26,69,248,3.58,699,13.59,0.0,11.05
2022-01-01 00:29:51,2022-01-01 00:36:38,2022-01-01 00:46:26,248,18,3.23,588,21.98,0.0,11.74
2022-01-01 00:49:19,2022-01-01 00:57:47,2022-01-01 01:13:06,78,42,4.85,919,28.01,0.0,17.54
2022-01-01 00:19:20,2022-01-01 00:25:05,2022-01-01 00:53:27,48,228,9.444,1707,42.82,0.0,29.67
2022-01-01 00:48:47,2022-01-01 00:59:08,2022-01-01 01:04:20,228,228,1.227,312,12.59,0.0,7.67
2022-01-01 00:20:58,2022-01-01 00:23:19,2022-01-01 00:29:23,144,249,1.16,364,6.84,5.0,7.04
2022-01-01 00:28:46,2022-01-01 00:31:38,2022-01-01 00:48:28,125,237,4.28,1010,19.71,0.0,14.81
2022-01-01 00:44:56,2022-01-01 00:53:14,2022-01-01 01:10:29,237,112,5.0,1035,22.89,0.0,15.81
2022-01-01 00:19:46,2022-01-01 00:24:25,2022-01-01 00:42:13,7,212,7.123,1210,20.42,0.0,18.04
2022-01-01 00:35:42,2022-01-01 00:59:17,2022-01-01 01:21:04,212,18,6.099,1563,30.83,0.0,19.86
2022-01-01 00:05:59,2022-01-01 00:08:48,2022-01-01 00:25:51,41,47,5.77,1023,22.22,0.0,17.15
2022-01-01 00:22:59,2022-01-01 00:29:59,2022-01-01 00:38:16,47,235,1.97,497,8.2,0.0,8.56
2022-01-01 00:35:08,2022-01-01 00:41:37,2022-01-01 01:05:20,235,74,6.39,1423,24.53,0.0,24.68
2022-01-01 00:10:35,2022-01-01 00:14:10,2022-01-01 00:31:23,79,186,2.2,1033,23.53,0.0,20.98
2022-01-01 00:53:03,2022-01-01 00:57:19,2022-01-01 01:16:42,186,75,4.88,1163,34.28,0.0,30.35
2022-01-01 00:08:00,2022-01-01 00:10:09,2022-01-01 00:33:32,234,87,5.17,1403,20.34,0.0,17.78
2022-01-01 00:32:30,2022-01-01 00:36:14,2022-01-01 00:47:50,87,144,1.83,696,4.69,0.0,8.18
2022-01-01 00:41:26,2022-01-01 00:50:56,2022-01-01 01:11:30,114,75,7.33,1234,31.13,0.0,27.25
2022-01-01 00:15:44,2022-01-01 00:19:21,2022-01-01 00:36:00,173,248,8.82,999,26.02,0.0,18.5
2022-01-01 00:33:12,2022-01-01 00:37:45,2022-01-01 00:44:52,212,126,1.47,427,14.3,0.0,10.8
2022-01-01 00:39:58,2022-01-01 00:47:45,2022-01-01 00:59:22,126,169,2.81,697,10.66,0.0,10.6
2022-01-01 00:36:06,2022-01-01 00:45:27,2022-01-01 01:02:34,163,232,5.75,1027,23.4,0.0,18.45
2022-01-01 00:12:32,2022-01-01 00:16:40,2022-01-01 00:33:32,140,68,4.59,1012,20.31,0.0,13.53
2022-01-01 00:34:19,2022-01-01 00:38:17,2022-01-01 01:05:39,246,256,5.54,1642,26.39,0.0,19.85
2022-01-01 00:44:23,2022-01-01 00:46:43,2022-01-01 00:54:58,170,79,1.46,495,9.83,0.0,7.64
2022-01-01 00:47:59,2022-01-01 00:51:23,2022-01-01 01:32:48,238,61,12.716,2491,52.11,0.0,34.98
2022-01-01 00:32:22,2022-01-01 00:44:35,2022-01-01 01:04:21,122,10,4.47,1186,21.56,0.0,16.14
2022-01-01 00:37:22,2022-01-01 00:44:01,2022-01-01 01:12:28,85,75,14.913,1719,39.58,0.0,32.81
2022-01-01 00:05:29,2022-01-01 00:09:03,2022-01-01 00:31:21,90,140,4.47,1338,20.24,3.81,20.06
2022-01-01 00:33:29,2022-01-01 00:39:26,2022-01-01 00:50:53,141,107,3.61,687,14.08,0.0,13.71
2022-01-01 00:08:25,2022-01-01 00:11:47,2022-01-01 00:24:53,231,107,2.02,786,11.66,0.0,9.41
2022-01-01 00:29:33,2022-01-01 00:31:40,2022-01-01 01:11:37,107,225,10.15,2397,39.03,0.0,31.85
2022-01-01 00:07:58,2022-01-01 00:11:44,2022-01-01 00:35:03,76,191,12.43,1399,31.27,0.0,26.73
2022-01-01 00:33:50,2022-01-01 00:39:51,2022-01-01 00:58:23,175,265,10.49,1112,28.58,0.0,33.19
2022-01-01 00:15:28,2022-01-01 00:38:13,2022-01-01 00:56:50,48,265,9.34,1117,30.07,5.14,24.95
2022-01-01 00:09:37,2022-01-01 00:14:06,2022-01-01 00:45:18,125,41,7.717,1949,27.92,0.0,24.88
2022-01-01 00:43:35,2022-01-01 00:48:27,2022-01-01 00:55:13,74,116,1.814,420,14.29,0.0,8.56
2022-01-01 00:55:47,2022-01-01 00:59:46,2022-01-01 01:03:39,116,152,0.688,233,19.37,4.33,8.97
2022-01-01 00:21:02,2022-01-01 00:25:08,2022-01-01 00:31:49,158,90,0.9,401,9.44,0.0,8.8
2022-01-01 00:30:17,2022-01-01 00:40:55,2022-01-01 00:54:53,249,107,1.93,838,11.23,0.0,11.94
2022-01-01 00:28:27,2022-01-01 00:32:45,2022-01-01 00:47:15,82,135,5.259,870,17.42,0.0,13.12
2022-01-01 00:26:07,2022-01-01 00:32:17,2022-01-01 00:44:17,247,208,6.15,721,19.11,0.0,13.81
2022-01-01 00:37:49,2022-01-01 00:47:19,2022-01-01 00:55:11,208,250,3.17,472,16.87,1.0,12.94
2021-12-31 23:55:52,2022-01-01 00:02:09,2022-01-01 00:07:55,81,81,0.86,346,7.91,0.0,6.12
2022-01-01 00:17:51,2022-01-01 00:27:34,2022-01-01 00:36:54,259,259,2.07,560,7.3,0.0,8.69
2022-01-01 00:32:55,2022-01-01 00:41:35,2022-01-01 00:55:34,259,243,8.09,839,28.21,0.0,17.92
2022-01-01 00:52:59,2022-01-01 00:58:30,2022-01-01 01:13:31,243,20,3.64,901,20.49,0.0,14.52
2022-01-01 00:07:34,2022-01-01 00:10:07,2022-01-01 00:18:09,10,197,2.2,482,10.44,0.0,9.15
2022-01-01 00:19:09,2022-01-01 00:21:21,2022-01-01 00:26:43,197,197,1.06,322,7.91,0.0,8.07
2022-01-01 00:39:30,2022-01-01 00:41:22,2022-01-01 00:44:21,134,197,0.57,179,9.49,0.0,13.57
2022-01-01 00:42:07,2022-01-01 00:48:06,2022-01-01 01:10:21,197,256,9.54,1335,29.41,0.0,26.87
2022-01-01 00:43:54,2022-01-01 00:56:00,2022-01-01 01:04:06,114,231,1.69,486,31.52,0.0,17.57
2022-01-01 00:40:08,2022-01-01 00:43:42,2022-01-01 00:58:38,142,233,2.62,896,19.04,0.0,22.95
2022-01-01 00:38:16,2022-01-01 00:39:38,2022-01-01 00:52:33,79,80,3.774,775,16.3,0.0,10.67
2022-01-01 00:18:03,2022-01-01 00:20:57,2022-01-01 00:35:45,229,113,2.13,888,13.71,0.0,10.07
2022-01-01 00:36:15,2022-01-01 00:39:25,2022-01-01 00:47:28,113,13,2.19,483,9.79,10.0,6.74
2022-01-01 00:40:59,2022-01-01 00:48:48,2022-01-01 01:10:08,13,25,6.75,1280,34.33,0.0,23.19
2022-01-01 00:24:54,2022-01-01 00:28:08,2022-01-01 00:48:38,234,236,3.71,1230,15.79,0.0,15.51
2022-01-01 00:46:46,2022-01-01 00:52:21,2022-01-01 01:25:40,141,265,7.25,1999,23.82,0.0,27.73
2022-01-01 00:21:32,2022-01-01 00:24:04,2022-01-01 00:43:07,188,210,4.47,1143,20.36,0.0,16.31
2022-01-01 00:38:22,2022-01-01 00:47:29,2022-01-01 00:59:00,210,165,3.18,691,19.24,0.0,14.11
2022-01-01 00:19:08,2022-01-01 00:24:47,2022-01-01 00:41:18,162,90,2.43,991,13.88,3.0,0.0
2022-01-01 00:37:35,2022-01-01 00:43:38,2022-01-01 01:06:14,158,244,8.48,1356,31.94,7.69,0.0
2022-01-01 00:40:56,2022-01-01 00:50:08,2022-01-01 01:17:51,79,24,8.73,1663,42.37,0.0,28.01
2022-01-01 00:07:51,2022-01-01 00:11:48,2022-01-01 00:15:20,236,236,0.57,212,7.38,0.0,7.03
2022-01-01 00:22:08,2022-01-01 00:27:05,2022-01-01 00:35:28,142,238,1.65,503,11.91,0.0,7.66
2022-01-01 00:32:23,2022-01-01 00:37:59,2022-01-01 00:52:59,238,220,7.77,900,25.4,0.0,20.48
2022-01-01 00:02:28,2022-01-01 00:08:39,2022-01-01 00:33:13,195,10,17.26,1474,42.68,0.0,32.97
2022-01-01 00:28:59,2022-01-01 00:36:01,2022-01-01 00:53:37,10,77,7.75,1056,22.81,0.0,18.99
2022-01-01 00:51:09,2022-01-01 00:59:12,2022-01-01 01:10:31,76,63,2.13,679,15.13,0.0,11.88
2022-01-01 00:09:01,2022-01-01 00:11:27,2022-01-01 00:15:14,106,40,1.04,227,7.91,0.0,6.44
2022-01-01 00:18:04,2022-01-01 00:22:59,2022-01-01 00:34:26,33,106,2.99,687,13.48,0.0,10.09
2022-01-01 00:31:08,2022-01-01 00:39:28,2022-01-01 00:53:41,181,33,2.89,853,14.65,0.0,11.37
2022-01-01 00:27:59,2022-01-01 00:35:19,2022-01-01 00:51:11,141,166,4.51,952,19.97,5.02,14.14
2022-01-01 00:47:14,2022-01-01 00:55:00,2022-01-01 01:14:16,152,193,5.81,1156,35.17,0.0,19.79
2022-01-01 00:35:52,2022-01-01 00:40:33,2022-01-01 00:49:05,21,55,1.72,512,16.57,0.0,10.29
2022-01-01 00:41:59,2022-01-01 00:52:39,2022-01-01 00:57:05,29,123,1.27,266,23.57,0.0,13.32
2022-01-01 00:09:02,2022-01-01 00:09:44,2022-01-01 00:19:00,161,146,2.45,556,18.7,2.36,9.5
2022-01-01 00:24:49,2022-01-01 00:30:19,2022-01-01 00:58:11,236,97,9.65,1672,35.57,0.0,25.78
2021-12-31 23:55:10,2022-01-01 00:05:08,2022-01-01 00:19:51,126,136,6.098,883,24.99,0.0,17.26
2022-01-01 00:19:38,2022-01-01 00:25:44,2022-01-01 00:33:51,153,235,2.296,487,9.83,0.0,6.63
2022-01-01 00:32:49,2022-01-01 00:37:17,2022-01-01 01:16:25,235,89,22.171,2348,93.49,0.0,50.44
2022-01-01 00:02:19,2022-01-01 00:05:26,2022-01-01 00:13:22,239,143,1.51,476,8.45,0.0,7.24
2022-01-01 00:13:51,2022-01-01 00:17:49,2022-01-01 00:30:28,143,50,1.39,759,11.52,0.0,9.47
2022-01-01 00:39:26,2022-01-01 00:42:46,2022-01-01 00:45:50,50,50,0.01,184,10.79,0.0,15.49
2022-01-01 00:45:11,2022-01-01 00:51:40,2022-01-01 01:15:44,48,243,8.16,1444,47.42,8.37,30.42
2022-01-01 00:04:26,2022-01-01 00:08:16,2022-01-01 00:21:02,89,35,3.655,892,13.29,0.0,11.53
2022-01-01 00:21:10,2022-01-01 00:24:02,2022-01-01 00:37:05,35,225,2.354,783,14.74,0.0,9.16
2022-01-01 00:35:03,2022-01-01 00:41:22,2022-01-01 00:46:27,225,225,1.092,305,8.79,0.0,5.47
2022-01-01 00:46:31,2022-01-01 00:51:19,2022-01-01 01:02:05,225,36,2.372,766,15.94,0.0,11.09
2022-01-01 00:40:11,2022-01-01 00:52:17,2022-01-01 01:15:36,92,86,13.876,1399,45.57,0.0,27.12
2022-01-01 00:30:31,2022-01-01 00:36:33,2022-01-01 01:01:22,50,112,5.78,1489,40.18,0.0,23.95
2022-01-01 00:04:25,2022-01-01 00:06:52,2022-01-01 00:16:09,167,69,0.97,557,7.91,0.0,6.06
2022-01-01 00:14:55,2022-01-01 00:18:59,2022-01-01 00:30:19,69,136,2.51,680,13.24,0.0,8.79
2022-01-01 00:26:19,2022-01-01 00:32:59,2022-01-01 00:38:40,18,174,1.63,341,12.05,0.0,6.72
2022-01-01 00:35:25,2022-01-01 00:42:12,2022-01-01 00:53:25,174,220,2.27,674,12.87,0.0,10.24
2022-01-01 00:48:59,2022-01-01 00:55:46,2022-01-01 01:08:37,241,243,2.78,771,21.0,0.0,12.35
2022-01-01 00:41:46,2022-01-01 00:46:25,2022-01-01 01:04:26,125,162,2.98,1081,27.01,0.0,23.27
2022-01-01 00:12:57,2022-01-01 00:15:49,2022-01-01 00:27:59,113,137,1.58,730,10.48,0.0,8.88
2022-01-01 00:32:34,2022-01-01 00:34:50,2022-01-01 00:48:23,164,141,2.83,813,13.95,0.0,10.94
2022-01-01 00:48:03,2022-01-01 00:53:37,2022-01-01 01:08:09,141,234,3.57,872,17.55,0.0,12.26
2022-01-01 00:17:31,2022-01-01 00:20:42,2022-01-01 00:30:49,107,148,1.57,607,8.84,0.0,7.19
2022-01-01 00:31:08,2022-01-01 00:34:46,2022-01-01 00:44:06,148,107,1.63,560,10.21,5.0,6.87
2022-01-01 00:45:02,2022-01-01 00:47:15,2022-01-01 01:15:01,107,200,15.38,1666,43.68,20.0,31.29
2022-01-01 00:28:38,2022-01-01 00:38:02,2022-01-01 01:02:30,237,48,3.2,1468,20.84,0.0,19.74
2022-01-01 00:13:46,2022-01-01 00:18:25,2022-01-01 00:36:55,255,36,2.93,1110,18.19,0.0,13.48
2022-01-01 00:34:23,2022-01-01 00:39:11,2022-01-01 00:55:38,36,61,3.77,987,19.72,0.0,13.39
2022-01-01 00:53:19,2022-01-01 00:59:54,2022-01-01 01:06:30,61,189,1.03,396,12.65,3.0,15.12
2022-01-01 00:29:37,2022-01-01 00:39:57,2022-01-01 00:50:22,145,141,3.021,625,13.39,0.0,8.59
2022-01-01 00:02:53,2022-01-01 00:05:59,2022-01-01 00:12:03,49,25,1.732,411,8.93,2.0,5.47
2022-01-01 00:19:47,2022-01-01 00:24:28,2022-01-01 00:37:41,65,90,4.053,819,19.73,6.25,11.36
2022-01-01 00:50:35,2022-01-01 00:51:55,2022-01-01 00:56:09,233,137,1.071,254,10.05,0.0,5.47
2022-01-01 00:54:50,2022-01-01 00:58:10,2022-01-01 01:07:56,107,90,1.366,586,10.75,0.0,9.97
2022-01-01 00:46:51,2022-01-01 00:51:27,2022-01-01 01:02:30,113,148,1.84,663,11.95,0.0,11.16
2022-01-01 00:39:08,2022-01-01 00:42:18,2022-01-01 01:01:24,237,90,3.63,1146,31.24,7.54,33.96
2022-01-01 00:55:28,2022-01-01 00:58:08,2022-01-01 01:09:30,113,137,1.31,682,21.78,0.0,15.35
2022-01-01 00:14:40,2022-01-01 00:18:08,2022-01-01 00:25:37,257,106,2.04,449,8.9,6.0,6.79
2022-01-01 00:22:47,2022-01-01 00:31:34,2022-01-01 00:46:40,181,225,3.97,906,17.46,0.0,12.74
2022-01-01 00:42:02,2022-01-01 00:49:04,2022-01-01 01:02:31,225,49,2.27,807,12.84,0.0,10.04
2022-01-01 00:33:27,2022-01-01 00:40:40,2022-01-01 01:03:11,151,232,6.88,1351,23.66,0.0,19.32
2022-01-01 00:49:15,2022-01-01 00:51:16,2022-01-01 01:07:08,161,186,1.74,952,21.1,5.0,14.72
2022-01-01 00:11:15,2022-01-01 00:13:30,2022-01-01 00:36:31,246,265,5.63,1381,20.63,0.0,20.66
2022-01-01 00:52:15,2022-01-01 00:59:40,2022-01-01 01:30:43,13,176,15.56,1863,45.44,0.0,44.76
2022-01-01 00:10:37,2022-01-01 00:13:17,2022-01-01 00:21:40,142,236,1.41,503,8.67,0.0,7.71
2022-01-01 00:22:30,2022-01-01 00:24:53,2022-01-01 00:45:02,236,200,10.55,1209,32.52,5.0,23.51
2022-01-01 00:44:21,2022-01-01 00:49:02,2022-01-01 01:01:43,220,265,6.75,761,23.15,0.0,25.07
2022-01-01 00:21:43,2022-01-01 00:27:01,2022-01-01 01:12:48,48,229,6.16,2747,47.65,5.0,0.0
2022-01-01 00:12:05,2022-01-01 00:13:47,2022-01-01 00:35:00,247,259,9.39,1273,25.47,0.0,21.09
2022-01-01 00:35:22,2022-01-01 00:41:38,2022-01-01 00:52:07,259,32,2.395,629,12.5,0.0,7.92
2022-01-01 00:02:30,2022-01-01 00:03:32,2022-01-01 00:11:53,181,188,1.79,501,8.95,0.0,7.76
2022-01-01 00:12:28,2022-01-01 00:14:16,2022-01-01 00:25:45,188,225,1.77,689,10.04,0.0,9.32
2022-01-01 00:33:32,2022-01-01 00:38:06,2022-01-01 01:00:53,61,145,8.19,1367,25.08,0.0,22.09
2022-01-01 00:05:30,2022-01-01 00:10:08,2022-01-01 00:18:35,156,156,1.17,507,8.46,0.0,8.69
2022-01-01 00:12:00,2022-01-01 00:24:04,2022-01-01 00:38:02,156,156,3.95,838,22.09,0.0,13.96
2022-01-01 00:36:05,2022-01-01 00:43:30,2022-01-01 00:48:16,187,251,1.31,286,22.14,0.0,14.98
2022-01-01 00:23:57,2022-01-01 00:26:29,2022-01-01 00:38:12,148,231,1.52,703,12.14,0.0,8.72
2022-01-01 00:32:28,2022-01-01 00:40:56,2022-01-01 00:52:53,231,4,4.46,717,16.82,0.0,12.08
2022-01-01 00:32:48,2022-01-01 00:33:35,2022-01-01 00:50:44,234,265,4.33,1029,19.57,0.0,15.72
2022-01-01 00:25:33,2022-01-01 00:30:57,2022-01-01 00:39:33,238,41,1.626,516,9.94,0.0,6.13
2022-01-01 00:37:46,2022-01-01 00:42:35,2022-01-01 00:56:11,41,244,2.87,927,20.2,0.0,10.95
2021-12-31 23:57:46,2022-01-01 00:00:15,2022-01-01 00:16:30,75,223,5.59,975,20.37,0.0,15.36
2022-01-01 00:35:58,2022-01-01 00:39:48,2022-01-01 00:43:43,141,140,0.85,235,7.91,0.0,6.43
2022-01-01 00:18:40,2022-01-01 00:31:27,2022-01-01 00:59:25,164,50,3.33,1678,17.22,0.0,20.9
2022-01-01 00:23:10,2022-01-01 00:32:20,2022-01-01 00:50:06,161,232,4.032,1145,18.86,0.0,14.07
2022-01-01 00:39:43,2022-01-01 00:53:49,2022-01-01 01:15:32,148,263,5.977,1303,25.78,4.74,20.69
2022-01-01 00:03:50,2022-01-01 00:07:18,2022-01-01 00:23:34,191,265,8.3,976,25.84,0.0,19.57
2022-01-01 00:16:29,2022-01-01 00:29:13,2022-01-01 00:39:44,64,16,2.4,631,8.76,0.0,8.29
2022-01-01 00:34:22,2022-01-01 00:42:14,2022-01-01 00:50:39,16,171,1.64,505,15.59,9.0,17.39
2022-01-01 00:03:40,2022-01-01 00:05:52,2022-01-01 00:19:55,247,220,5.55,843,15.47,0.0,13.53
2022-01-01 00:13:54,2022-01-01 00:27:36,2022-01-01 00:39:23,200,265,6.69,707,20.7,2.0,15.53
2022-01-01 00:53:55,2022-01-01 00:57:54,2022-01-01 01:01:06,127,127,0.31,192,12.22,0.0,9.25
2022-01-01 00:16:20,2022-01-01 00:18:46,2022-01-01 00:39:47,249,255,4.7,1261,21.1,0.0,17.12
2022-01-01 00:36:21,2022-01-01 00:43:49,2022-01-01 01:00:36,255,225,4.22,1007,18.37,0.0,14.47
2022-01-01 00:18:41,2022-01-01 00:21:42,2022-01-01 00:39:39,92,36,9.52,1077,29.19,0.0,21.27
2022-01-01 00:41:04,2022-01-01 00:50:38,2022-01-01 01:08:17,198,97,7.26,1059,27.34,0.0,20.37
2022-01-01 00:24:42,2022-01-01 00:27:50,2022-01-01 01:06:11,162,265,5.28,2301,23.28,30.0,28.2
2022-01-01 00:05:47,2022-01-01 00:12:48,2022-01-01 00:19:49,219,203,2.02,421,8.95,0.0,7.27
2022-01-01 00:21:27,2022-01-01 00:25:05,2022-01-01 00:59:30,203,62,13.63,2066,35.61,0.0,33.85
2021-12-31 23:58:54,2022-01-01 00:02:36,2022-01-01 00:18:35,254,94,4.95,959,18.02,0.0,14.67
2022-01-01 00:17:38,2022-01-01 00:23:44,2022-01-01 00:30:33,136,136,0.59,409,9.0,0.0,7.39
2022-01-01 00:25:35,2022-01-01 00:35:16,2022-01-01 00:47:59,136,243,2.65,763,25.83,0.0,19.56
2022-01-01 00:43:35,2022-01-01 00:50:27,2022-01-01 01:16:16,243,265,8.42,1549,29.36,0.0,25.31
2022-01-01 00:09:18,2022-01-01 00:15:54,2022-01-01 00:30:22,119,220,4.83,868,18.17,0.0,13.36
2022-01-01 00:38:30,2022-01-01 00:41:22,2022-01-01 01:05:04,220,235,5.9,1422,30.25,0.0,24.68
2022-01-01 00:34:02,2022-01-01 00:36:23,2022-01-01 00:50:18,231,68,2.06,835,35.28,0.0,27.8
2022-01-01 00:50:38,2022-01-01 00:55:31,2022-01-01 01:07:15,158,13,2.45,704,23.53,5.82,22.0
2022-01-01 00:03:50,2022-01-01 00:07:37,2022-01-01 00:17:39,42,168,1.59,602,10.86,0.0,9.74
2022-01-01 00:18:27,2022-01-01 00:24:34,2022-01-01 00:38:52,168,47,5.1,858,12.13,0.0,15.49
2022-01-01 00:32:22,2022-01-01 00:42:01,2022-01-01 00:54:16,47,235,2.13,735,13.94,0.0,14.18
2022-01-01 00:51:38,2022-01-01 00:57:12,2022-01-01 01:04:30,235,94,1.03,438,11.87,0.0,12.57
2022-01-01 00:02:57,2022-01-01 00:04:39,2022-01-01 00:21:49,66,198,7.95,1030,27.42,0.0,19.06
2022-01-01 00:19:02,2022-01-01 00:24:19,2022-01-01 00:28:33,198,198,0.74,254,7.91,0.0,7.06
2022-01-01 00:26:44,2022-01-01 00:33:27,2022-01-01 00:40:02,198,198,1.04,395,7.91,0.0,7.07
2022-01-01 00:34:15,2022-01-01 00:45:32,2022-01-01 00:57:57,36,157,3.09,745,15.41,0.0,11.31
2022-01-01 00:27:12,2022-01-01 00:32:48,2022-01-01 00:43:00,48,246,1.83,612,19.18,0.0,17.34
2022-01-01 00:48:48,2022-01-01 00:50:49,2022-01-01 01:04:07,50,234,2.38,798,24.46,0.0,24.92
2022-01-01 00:12:58,2022-01-01 00:15:35,2022-01-01 00:21:55,61,72,1.41,380,5.75,4.0,6.73
2022-01-01 00:19:42,2022-01-01 00:25:09,2022-01-01 00:41:49,72,89,3.27,1000,15.63,0.0,13.32
2022-01-01 00:38:44,2022-01-01 00:46:15,2022-01-01 01:09:24,89,225,5.15,1389,23.87,0.0,18.65
2022-01-01 00:13:38,2022-01-01 00:15:44,2022-01-01 00:28:08,249,148,1.74,744,11.78,0.0,9.03
2022-01-01 00:28:05,2022-01-01 00:29:34,2022-01-01 00:46:30,148,179,9.11,1016,27.99,6.81,19.44
2022-01-01 00:44:24,2022-01-01 00:49:03,2022-01-01 00:59:17,179,70,4.84,614,16.29,0.0,11.36
2022-01-01 00:07:23,2022-01-01 00:09:55,2022-01-01 00:19:48,163,170,1.67,593,10.65,3.0,6.82
2022-01-01 00:40:32,2022-01-01 00:45:52,2022-01-01 01:05:22,234,237,2.42,1170,16.02,0.0,12.47
2022-01-01 00:10:57,2022-01-01 00:15:51,2022-01-01 00:34:15,49,79,4.52,1104,22.4,0.0,15.45
2022-01-01 00:37:59,2022-01-01 00:41:40,2022-01-01 00:51:51,4,170,1.85,611,9.1,0.0,8.37
2022-01-01 00:49:34,2022-01-01 00:56:04,2022-01-01 01:05:37,137,186,1.06,573,7.95,15.0,7.17
2022-01-01 00:24:31,2022-01-01 00:28:48,2022-01-01 00:35:04,89,89,1.09,376,7.91,0.0,5.92
2022-01-01 00:31:09,2022-01-01 00:40:34,2022-01-01 00:57:45,165,26,3.46,1031,18.36,0.0,12.98
2022-01-01 00:21:23,2022-01-01 00:23:42,2022-01-01 00:38:55,246,246,1.27,913,12.02,0.0,9.52
2022-01-01 00:35:46,2022-01-01 00:52:32,2022-01-01 01:01:01,48,50,1.41,509,20.38,0.0,15.86
2022-01-01 00:24:05,2022-01-01 00:24:56,2022-01-01 00:36:53,114,265,3.27,717,15.53,40.0,12.87
2022-01-01 00:49:31,2022-01-01 00:50:55,2022-01-01 01:16:23,231,223,10.37,1528,48.57,11.41,42.61
2022-01-01 00:18:05,2022-01-01 00:20:03,2022-01-01 00:27:38,158,231,1.65,455,8.03,0.0,6.46
2022-01-01 00:25:01,2022-01-01 00:28:54,2022-01-01 01:07:44,231,229,6.79,2330,37.87,0.0,27.82
2022-01-01 00:12:39,2022-01-01 00:17:56,2022-01-01 00:20:55,232,232,0.73,179,8.7,0.0,6.64
2022-01-01 00:27:29,2022-01-01 00:34:33,2022-01-01 01:03:14,148,69,11.26,1721,44.67,0.0,32.76
2021-12-31 23:59:19,2022-01-01 00:05:26,2022-01-01 00:31:57,132,148,18.31,1591,40.41,0.0,34.27
2022-01-01 00:30:08,2022-01-01 00:34:51,2022-01-01 01:10:48,45,72,7.63,2157,31.66,5.72,27.23
2022-01-01 00:23:26,2022-01-01 00:25:09,2022-01-01 00:37:15,255,36,2.59,726,13.54,4.0,9.63
2022-01-01 00:32:11,2022-01-01 00:44:13,2022-01-01 00:47:19,36,36,0.6,186,7.91,0.0,6.08
2022-01-01 00:45:40,2022-01-01 00:51:13,2022-01-01 01:13:22,37,130,8.64,1329,34.75,0.0,21.34
2022-01-01 00:05:29,2022-01-01 00:25:47,2022-01-01 00:35:56,48,151,2.76,609,13.73,0.0,8.35
2022-01-01 00:31:51,2022-01-01 00:40:08,2022-01-01 01:03:10,24,159,4.72,1382,15.23,0.0,16.99
2022-01-01 00:12:17,2022-01-01 00:18:04,2022-01-01 00:28:49,237,140,1.55,645,9.44,3.0,10.22
2022-01-01 00:32:12,2022-01-01 00:35:56,2022-01-01 00:51:53,162,41,4.09,957,16.39,0.0,16.33
2022-01-01 00:46:39,2022-01-01 00:56:05,2022-01-01 01:03:05,41,116,1.9,420,15.85,0.0,10.95
2022-01-01 00:03:37,2022-01-01 00:08:00,2022-01-01 00:22:30,92,32,9.04,870,25.96,0.0,17.74
2022-01-01 00:31:01,2022-01-01 00:34:58,2022-01-01 00:45:49,32,248,2.61,651,17.11,0.0,11.81
2022-01-01 00:39:47,2022-01-01 00:53:02,2022-01-01 01:01:11,213,242,2.2,489,18.4,0.0,11.76
2022-01-01 00:16:12,2022-01-01 00:20:00,2022-01-01 00:28:55,158,90,1.35,535,8.91,0.0,6.97
2022-01-01 00:10:01,2022-01-01 00:25:43,2022-01-01 00:48:50,66,89,5.85,1480,16.52,3.7,20.78
2022-01-01 00:46:24,2022-01-01 00:54:03,2022-01-01 01:01:52,257,89,1.304,469,9.68,0.0,9.91
2022-01-01 00:09:22,2022-01-01 00:15:11,2022-01-01 00:37:57,16,247,12.52,1366,25.9,0.0,28.01
2022-01-01 00:45:32,2022-01-01 00:51:51,2022-01-01 00:59:30,17,37,1.74,459,10.09,0.0,7.73
2022-01-01 00:06:08,2022-01-01 00:11:16,2022-01-01 00:27:36,147,69,2.49,980,13.17,0.0,13.12
2022-01-01 00:20:08,2022-01-01 00:28:56,2022-01-01 00:39:05,69,18,2.18,609,13.12,0.0,9.66
2022-01-01 00:36:12,2022-01-01 00:42:13,2022-01-01 00:49:56,18,174,1.56,463,12.53,0.0,9.76
2022-01-01 00:45:47,2022-01-01 00:51:24,2022-01-01 01:05:28,174,167,6.4,844,24.53,0.0,17.54
2022-01-01 00:18:52,2022-01-01 00:26:09,2022-01-01 00:52:37,91,36,6.25,1588,29.62,0.0,21.47
